H6587#0	1) paso
H6588#0	1) transgresión, rebelión
H6588#1	1a1) transgresión (contra individuos)
H6588#2	1a2) transgresión (de nación contra nación)
H6588#3	1a3) transgresión (contra Dios)
H6588#4	1a3a) en general
H6588#5	1a3b) como la reconoce el pecador
H6588#6	1a3c) como Dios la trata
H6588#7	1a3d) como Dios la perdona
H6588#8	1a4) culpa de la transgresión
H6588#9	1a5) castigo por la transgresión
H6588#10	1a6) ofrenda por la transgresión
H6589#0	1) separar, abrir de par en par
H6589#1	1a) (Qal)
H6589#2	1a1) abrir de par en par
H6589#3	1a2) ser locuaz (de la boca)
H6589#4	1b) (Piel) abrir de par en par
H6590#0	1) interpretar
H6590#1	1a) (P'al) interpretar
H6590#2	1b) (Pael) interpretar
H6591#0	1) interpretación (de un sueño)
H6592#0	1) interpretación, solución
H6593#0	1) lino
H6593#1	1a) fibra usada como material para vestidos
H6594#0	1) lino
H6594#1	1a) lino (la planta)
H6594#2	1b) como mecha de lámpara
H6595#0	1) fragmento, trozo, bocado (de pan), pedazo
H6596#0	1) goznes, quicios, partes secretas (significado dudoso)
H6596#1	1a) goznes
H6596#2	1b) partes secretas
H6597#0	adverbio
H6597#1	1) de repente, sorpresivamente
H6597#2	sustantivo
H6597#3	2) lo repentino
H6598#0	1) porción de comida para el rey, manjares
H6599#0	1) edicto, decreto
H6600#0	1) mandato, obra, asunto, decreto
H6600#1	1a) palabra, informe
H6600#2	1b) decreto
H6601#0	1) ser espacioso, estar abierto, ser amplio
H6601#1	1a) (Qal) ser espacioso o abierto o amplio
H6601#2	1b) (Hiphil) hacer espacioso, abrir
H6601#3	2) ser simple, seducir, engañar, persuadir
H6601#4	2a) (Qal)
H6601#5	2a1) ser de mente abierta, ser simple, ser ingenuo
H6601#6	2a2) ser seducido, ser engañado
H6601#7	2b) (Niphal) ser engañado, ser crédulo
H6601#8	2c) (Piel)
H6601#9	2c) (Piel)
H6601#10	2c1) persuadir, seducir
H6601#11	2c2) engañar
H6601#12	2d) (Pual)
H6601#13	2d1) ser persuadido
H6601#14	2d2) ser engañado
H6602#0	Pethuel = «visión de Dios»
H6602#1	1) padre del profeta Joel
H6603#0	1) grabado, talla
H6604#0	Pethor = «adivino»
H6604#1	1) ciudad de Mesopotamia y patria de Balaam; situada junto a un río; sitio desconocido
H6605#0	1) abrir
H6605#1	1a) (Qal) abrir
H6605#2	1b) (Niphal) ser abierto, ser soltado, abrirse de par en par
H6605#3	1c) (Piel)
H6605#4	1c1) liberar
H6605#5	1c2) aflojar
H6605#6	1c3) abrir, abrirse
H6605#7	1d) (Hithpael) soltarse
H6605#8	2) tallar, grabar
H6605#9	2a) (Piel) grabar
H6605#10	2b) (Pual) ser grabado
H6606#0	1) abrir
H6606#1	1a) (P'il) abrir
H6607#0	1) abertura, umbral, entrada
H6608#0	1) abertura, despliegue, entrada, umbral
H6609#0	1) espada desenvainada, espada
H6610#0	1) abertura
H6611#0	Pethahiah = «liberado por Jehová»
H6611#1	1) sacerdote, a cargo del 19.º turno, en tiempos de David
H6611#2	2) levita y exiliado que regresó, que se había casado con una mujer extranjera; probablemente el mismo que 3
H6611#3	3) levita que ayudó a dirigir la confesión del pueblo en tiempos de Esdras; probablemente el mismo que 2
H6611#4	4) hijo de Mesezabeel, descendiente de Zera hijo de Judá; representante del rey en todos los asuntos concernientes al pueblo
H6612#0	sustantivo femenino
H6612#1	1) simpleza, ingenuidad
H6612#2	adjetivo
H6612#3	2) simple, necio, ingenuo
H6613#0	1) anchura, amplitud
H6614#0	1) manto rico o costoso
H6615#0	1) simpleza, ingenuidad
H6616#0	1) cordón, hilo (torcido)
H6617#0	1) torcer
H6617#1	1a) (Niphal)
H6617#2	1a1) ser torcido
H6617#3	1a2) luchar
H6617#4	1b) (Hithpael) ser torcido
H6618#0	1) torcido, tortuoso
H6619#0	Pithom = «la ciudad de la justicia»
H6619#1	1) una de las ciudades de almacenaje que Faraón hizo construir a los israelitas
H6620#0	1) serpiente, serpiente venenosa
H6620#1	1a) quizá la cobra, el áspid o la víbora
H6621#0	1) lo repentino, en un instante
H6622#0	1) (Qal) interpretar (sueños)
H6623#0	1) interpretación
H6624#0	Pathros = «región del sur»
H6624#1	1) parte de Egipto y patria del pueblo de los patrusim; probablemente situada en el Alto Egipto
H6625#0	Pathrusim = véase Pathros «región del sur»
H6625#1	1) habitantes de Patros
H6626#0	1) desmenuzar, desmoronar
H6626#1	1a) (Qal) desmenuzar
H6627#0	1) inmundicia, excremento humano, excremento, heces
H6628#0	1) una especie de loto
H6628#1	1a) arbusto de loto espinoso
H6629#0	1) ganado menor, ovejas, ovejas y cabras, rebaño, rebaños
H6629#1	1a) ganado menor (generalmente ovejas y cabras)
H6629#2	1b) de multitud (símil)
H6629#3	1c) de multitud (metáfora)
H6630#0	Zaanan = «puntiagudo»
H6630#1	1) ciudad en la tierra baja de Judá
H6631#0	1) descendencia, producto, prole
H6631#1	1a) descendencia (de hombres)
H6631#2	1b) producto (de la tierra)
H6631#3	1c) descendientes (metafórico)
H6632#0	1) vehículo de transporte, litera, carro cubierto
H6632#1	2) lagarto inmundo
H6632#2	2a) quizá una tortuga
H6632#3	2b) quizá un animal extinto, significado exacto desconocido
H6633#0	1) salir, hacer la guerra, pelear, servir
H6633#1	1a) (Qal)
H6633#2	1a1) hacer la guerra, pelear, salir a la guerra
H6633#3	1a2) servir (en la tienda sagrada)
H6633#4	1b) (Hiphil) hacer salir, reunir (tropas)
H6634#0	1) desear, estar inclinado, estar dispuesto, complacerse
H6634#1	1a) (P'al)
H6634#2	1a1) desear
H6634#3	1a2) complacerse
H6634#4	1a3) querer (sin impedimento) (de Dios)
H6635#0	1) lo que sale, ejército, guerra, combate, hueste
H6635#1	1a) ejército, hueste
H6635#2	1a1) hueste (de un ejército organizado)
H6635#3	1a2) hueste (de ángeles)
H6635#4	1a3) del sol, la luna y las estrellas
H6635#5	1a4) de toda la creación
H6635#6	1b) guerra, combate, servicio, salir a la guerra
H6635#7	1c) servicio
H6636#0	Zeboim o Zeboiim = «gacelas»
H6636#1	1) una de las 5 ciudades de la llanura que incluían Sodoma y Gomorra
H6637#0	Zobebah = «la lenta»
H6637#1	1) hijo de Cos de la tribu de Judá
H6638#0	1) hincharse, inflamarse
H6638#1	1a) (Qal) hincharse (del vientre de la adúltera)
H6638#2	1b) (Hiphil) hacer hinchar (el vientre de la adúltera)
H6639#0	1) hinchazón, hinchado
H6640#0	1) cosa, algo, asunto
H6640#1	1a) al parecer, cosa deseada
H6640#2	1b) como asunto de determinación
H6641#0	1) teñido, de varios colores, moteado
H6642#0	1) (Qal) alcanzar, extender
H6643#0	1) hermosura, gloria, honra
H6643#1	1a) hermosura, adorno
H6643#2	1b) honra
H6643#3	2) corzo, gacela
H6643#4	2a) quizá un animal extinto, significado exacto desconocido
H6644#0	Zibia = «corzo»
H6644#1	1) benjamita, hijo de Saharaim y su esposa Hodes
H6645#0	Zibiah = «corzo»
H6645#1	1) natural de Beerseba, esposa del rey Ocozías y madre del rey Joás, ambos de Judá
H6646#0	1) gacela, cierva
H6647#0	1) mojar, empapar (algo)
H6647#1	1a) (Pael) mojar
H6647#2	1b) (Ithpael) ser mojado
H6648#0	1) tinte, material teñido, algo teñido, tela de color
H6649#0	Zibeon = «coloreado»
H6649#1	1) padre de Aná, cuya hija Aholibama se casó con Esaú
H6649#2	2) hijo de Seir el horeo
H6649#3	2a) quizá el mismo que 1
H6650#0	Zeboim = «moteado»
H6650#1	1) ciudad y valle circundante en Benjamín entre Jericó y Jerusalén
H6651#0	1) (Qal) amontonar, apilar
H6651#1	1a) de grano, polvo, plata
H6652#0	1) montón, pila
H6653#0	1) manojos
H6653#1	1a) de grano
H6654#0	1) lado
H6655#0	1) lado
H6655#1	2) (CLBL) junto a
H6656#0	sustantivo masculino
H6656#1	1) propósito
H6656#2	adjetivo
H6656#3	2) (CLBL) verdadero
H6657#0	Zedad = «ladera de monte»
H6657#1	1) uno de los hitos de la frontera norte de Israel según lo prometido por Moisés y reiterado por Ezequiel
H6658#0	1) (Qal) acechar
H6658#1	2) asolar
H6658#2	2a) (Niphal) ser asolado
H6659#0	Zadok = «justo»
H6659#1	1) el sumo sacerdote, hijo de Ahitob de la casa de Eleazar hijo de Aarón, y 11.º descendiente de Aarón; se unió a David tras la muerte de Saúl y lo apoyó contra Absalón y Adonías; ungió a Salomón como rey
H6659#2	2) sacerdote, hijo de Meraiot, padre de Mesulam de la casa de Ahitob; al parecer sobrino de 1
H6659#3	3) padre de Jerusa, esposa del rey Uzías y madre del rey Jotam de Judá
H6659#4	4) hijo de Baana y reparador del muro de Jerusalén en tiempos de Nehemías
H6659#5	5) hijo de Imer y reparador del muro de Jerusalén en tiempos de Nehemías
H6659#6	6) uno de los jefes del pueblo en tiempos de Nehemías
H6659#7	7) escriba nombrado por Nehemías como uno de los tesoreros sobre los almacenes
H6659#8	8) valiente guerrero de la tribu de Benjamín que se unió a David en Hebrón. ¿El mismo que 1?
H6660#0	1) acecho, emboscada
H6661#0	Ziddim = «las pendientes»
H6661#1	1) ciudad fortificada en el territorio de Neftalí
H6662#0	1) justo, legítimo, recto
H6662#1	1a) justo, recto (en el gobierno)
H6662#2	1b) justo, en lo cierto (en la propia causa)
H6662#3	1c) justo, recto (en conducta y carácter)
H6662#4	1d) justo (como justificado y vindicado por Dios)
H6662#5	1e) recto, correcto, legítimo
H6663#0	1) ser justo, ser recto
H6663#1	1a) (Qal)
H6663#2	1a1) tener causa justa, tener razón
H6663#3	1a2) ser justificado
H6663#4	1a3) ser justo (de Dios)
H6663#5	1a4) ser justo, ser recto (en conducta y carácter)
H6663#6	1b) (Niphal) ser puesto o hecho recto, ser justificado
H6663#7	1c) (Piel) justificar, hacer parecer justo, hacer justo a alguien
H6663#8	1d) (Hiphil)
H6663#9	1d1) hacer o impartir justicia (al administrar la ley)
H6663#10	1d2) declarar justo, justificar
H6663#11	1d3) justificar, vindicar la causa de, salvar
H6663#12	1d4) hacer justo, volver a la justicia
H6663#13	1e) (Hithpael) justificarse
H6664#0	1) justicia, rectitud
H6664#1	1a) lo que es recto o justo o normal, rectitud, exactitud (de pesas y medidas)
H6664#2	1b) justicia (en el gobierno)
H6664#3	1b1) de jueces, gobernantes, reyes
H6664#4	1b2) de la ley
H6664#5	1b3) del rey davídico, el Mesías
H6664#6	1b4) de Jerusalén como sede de gobierno justo
H6664#7	1b5) como atributo de Dios
H6664#8	1c) justicia, equidad (en un caso o causa)
H6664#9	1d) rectitud (en el hablar)
H6664#10	1e) justicia (como lo éticamente recto)
H6664#11	1f) justicia (como vindicación), justificación (en una controversia), liberación, victoria, prosperidad
H6664#12	1f1) de Dios como guardador del pacto en la redención
H6664#13	1f2) en el nombre del rey mesiánico
H6664#14	1f3) del pueblo que goza de la salvación
H6664#15	1f4) de Ciro
H6665#0	1) obrar recto, hacer lo recto, justicia
H6666#0	1) justicia, rectitud
H6666#1	1a) justicia (en el gobierno)
H6666#2	1a1) de juez, gobernante, rey
H6666#3	1a2) de la ley
H6666#4	1a3) del rey davídico, el Mesías
H6666#5	1b) justicia (como atributo de Dios)
H6666#6	1c) justicia (en un caso o causa)
H6666#7	1d) justicia, veracidad
H6666#8	1e) justicia (como lo éticamente recto)
H6666#9	1f) justicia (como vindicación), justificación, salvación
H6666#10	1f1) de Dios
H6666#11	1f2) prosperidad (del pueblo)
H6666#12	1g) actos de justicia
H6667#0	Zedekiah = «Jehová es justo»
H6667#1	1) el último rey de Judá, a quien Nabucodonosor cambió el nombre de 'Matanías'; hijo de Josías y su esposa Hamutal; puesto en el trono por Nabucodonosor cuando llevó cautivo a su sobrino Joaquín
H6667#2	2) falso profeta en la corte del rey Acab del reino del norte de Israel
H6667#3	3) hijo de Maasías, falso profeta en Babilonia
H6667#4	4) hijo de Ananías, uno de los príncipes de Judá en tiempos de Jeremías
H6667#5	5) sacerdote que selló el pacto con Nehemías
H6667#6	6) hijo del rey Joacim de Judá
H6668#0	1) relucir, brillar
H6668#1	1a) (Hophal) relucir
H6669#0	1) reluciente, amarillo (del cabello)
H6670#0	1) relinchar, gritar agudamente
H6670#1	1a) (Qal)
H6670#2	1a1) relinchar (de hombres como sementales, fig.)
H6670#3	1a2) (Piel) gritar agudamente (en angustia)
H6670#4	2) (Hiphil) hacer brillar
H6671#0	1) (Hiphil) prensar aceite, exprimir aceite, relucir
H6672#0	sustantivo masculino
H6672#1	1) mediodía
H6672#2	1a) mediodía (como hora específica del día)
H6672#3	1b) mediodía (en símil, como resplandor de felicidad, bendición)
H6672#4	sustantivo femenino
H6672#5	2) techo
H6672#6	2a) significado dudoso
H6673#0	1) mandato, ordenanza, oráculo (significado dudoso)
H6673#1	1a) usado en imitación burlona de las palabras de Isaías y, por tanto, no un verdadero mandato divino
H6674#0	adjetivo
H6674#1	1) (BDB) sucio
H6674#2	sustantivo masculino
H6674#3	2) (CLBL) suciedad
H6675#0	1) suciedad, excremento
H6676#0	1) cuello
H6677#0	1) cuello, cerviz
H6677#1	1a) cuello, cerviz (del hombre)
H6677#2	1b) cuello (de animales)
H6678#0	Zoba o Zobah = «estación»
H6678#1	1) nombre de una parte de Siria que formó un reino independiente en tiempos de Saúl, David y Salomón; situada al noreste de Damasco
H6679#0	1) cazar
H6679#1	1a) (Qal) cazar
H6679#2	1b) (Poel) cazar, cazar con afán o ahínco
H6679#3	1c) (Hithpael) tomar provisiones
H6680#0	1) mandar, encargar, dar órdenes, imponer un encargo, dar encargo a, ordenar
H6680#1	1a)(Piel)
H6680#2	1a1) imponer un encargo sobre
H6680#3	1a2) dar encargo a, dar mandato a
H6680#4	1a3) dar encargo a
H6680#5	1a4) poner a cargo de, nombrar
H6680#6	1a5) dar encargo, mandar
H6680#7	1a6) encargar, mandar
H6680#8	1a7) encargar, comisionar
H6680#9	1a8) mandar, designar, ordenar (de un acto divino)
H6680#10	1b) (Pual) ser mandado
H6681#0	1) (Qal) gritar, clamar en voz alta, dar voces
H6682#0	1) clamor, grito
H6683#0	1) profundidad del océano, abismo, profundidad marina
H6684#0	1) (Qal) abstenerse de comida, ayunar
H6685#0	1) ayuno
H6686#0	Zuar = «pequeñez»
H6686#1	1) padre de Natanael, jefe de la tribu de Isacar en tiempos del éxodo y ayudante de Moisés
H6687#0	1) fluir, desbordarse, inundar, flotar
H6687#1	1a) (Qal) inundar
H6687#2	1b) (Hiphil)
H6687#3	1b1) hacer desbordar
H6687#4	1b2) hacer flotar
H6688#0	1) panal
H6689#0	Zuph o Zophai = «panal»
H6689#1	nombre propio masculino
H6689#2	1) levita coatita, antepasado de Elcana y de Samuel
H6689#3	nombre propio de lugar
H6689#4	2) distrito al noroeste de Jerusalén donde Saúl se encontró con Samuel
H6690#0	Zophah = «una vasija»
H6690#1	1) aserita, hijo de Helem y padre de Súa, Harnefer, Súal, Beri e Imra
H6691#0	Zophar = «gorrión»
H6691#1	1) el 3.er amigo de Job
H6692#0	1) florecer, brillar, centellear
H6692#1	1a) (Qal)
H6692#2	1a1) florecer, prosperar
H6692#3	1a2) brillar, relucir
H6692#4	1b) (Hiphil) florecer, echar flores, producir flores
H6692#5	2) (Hiphil) mirar fijamente, atisbar, echar una mirada, hacer centellear los ojos
H6693#0	1) (Hiphil) constreñir, apretar, poner en aprietos, estrechar, oprimir
H6694#0	1) (Qal) derramar, fundir
H6695#0	sustantivo masculino
H6695#1	1) constricción, angustia, aprieto
H6695#2	1a) angustia, congoja (fig.)
H6695#3	sustantivo femenino
H6695#4	2) presión, angustia
H6696#0	1) atar, sitiar, encerrar, estrechar
H6696#1	1a) (Qal)
H6696#2	1a1) encerrar, asegurar
H6696#3	1a2) cercar, sitiar
H6696#4	1a3) encerrar, rodear
H6696#5	2) (Qal) mostrar hostilidad hacia, ser adversario, tratar como enemigo
H6696#6	3) (Qal) formar, dar forma, delinear
H6697#0	1) roca, peñasco
H6697#1	1a) pared rocosa, peñasco
H6697#2	1b) roca (de superficie plana)
H6697#3	1c) bloque de piedra, peña
H6697#4	1d) roca (específica)
H6697#5	1e) roca (de Dios)
H6697#6	1f) roca (de dioses paganos) nombre propio de deidad
H6697#7	1g) Roca
H6698#0	Zur = «roca»
H6698#1	1) padre de Cozbi y uno de los 5 príncipes madianitas que fueron muertos cuando cayó Balaam
H6698#2	2) hijo de Jehiel, el padre o jefe de Gabaón
H6699#0	1) forma, figura, diseño
H6700#0	Zuriel = «mi roca es Dios»
H6700#1	1) hijo de Abihail y jefe de los levitas meraritas en tiempos del éxodo
H6701#0	Zurishaddai = «mi roca es el Todopoderoso»
H6701#1	1) padre de Selumiel, jefe de los simeonitas en tiempos del éxodo
H6702#0	1) (Hiphil) encender, quemar, prender fuego
H6703#0	1) deslumbrante, resplandeciente, claro, brillante
H6704#0	1) reseco
H6705#0	1) (Qal) ser deslumbrante, estar resplandeciente, resplandecer
H6706#0	1) superficie brillante o resplandeciente, resplandor
H6707#0	1) tierra quemada, reseca, quemada
H6708#0	1) superficie brillante o resplandeciente, lugares pelados
H6709#0	1) hedor, mal olor
H6710#0	1) región quemada, tierra reseca
H6711#0	1) reír, burlarse, jugar
H6711#1	1a) (Qal) reír
H6711#2	1b) (Piel)
H6711#3	1b1) bromear
H6711#4	1b2) divertirse, jugar, hacer burla, jugar con, tomar como juguete
H6712#0	1) risa, objeto de burla
H6713#0	1) gris rojizo, leonado
H6714#0	Zohar = «leonado»
H6714#1	1) judaíta, hijo de Asur y su esposa Hela
H6714#2	2) padre de Efrón el heteo
H6714#3	3) uno de los hijos de Simeón; también 'Zera'
H6715#0	1) leonado
H6716#0	1) nave
H6717#0	Ziba = «estatua»
H6717#1	1) siervo de Saúl a quien David hizo mayordomo de Mefi-boset, hijo de Jonatán
H6718#0	1) caza, presa
H6718#1	1a) caza
H6718#2	1b) presa cazada
H6718#3	2) provisión, alimento
H6718#4	2a) provisión, alimento, suministro de comida
H6719#0	1) cazador
H6720#0	1) provisión, alimento
H6721#0	Sidón = «caza»
H6721#1	1) antigua ciudad fenicia, en la costa del Mediterráneo al norte de Tiro
H6722#0	Sidonios = véase caza «caza»
H6722#1	1) habitante de Sidón
H6723#0	1) sequedad, sequía, desierto
H6724#0	1) sequedad, tierra o suelo reseco
H6725#0	1) señal, monumento, mojón
H6726#0	Sion = «lugar reseco»
H6726#1	1) otro nombre de Jerusalén, especialmente en los libros proféticos
H6727#0	Ziha = «reseco»
H6727#1	1) antepasado de una familia de siervos del templo que volvió del exilio en Babilonia con Zorobabel
H6727#2	2) jefe de los siervos del templo en Ofel en tiempos de Nehemías
H6728#0	1) fiera, morador del desierto, aullador, chillón
H6728#1	1a) una fiera específica, pero no identificada con certeza
H6729#0	1) picota, cepo
H6730#0	Zior = «pequeñez»
H6730#1	1) ciudad en las montañas de Judá perteneciente al mismo grupo que Hebrón
H6731#0	1) flor, floración
H6731#1	1a) flor, floración
H6731#2	1b) cosa brillante (de la lámina de oro en la mitra del sumo sacerdote) (metáf.)
H6731#3	2) pluma, ala
H6731#4	2a) significado dudoso
H6732#0	Ziz = «flor»
H6732#1	1) paso que va desde las orillas del mar Muerto hasta el desierto de Judá cerca de Tecoa
H6733#0	1) flor, capullo
H6734#0	1) fleco, borla, mechón
H6735#0	1) enviado, mensajero
H6735#1	2) quicio de la puerta, gozne
H6735#2	3) dolor agudo, angustia
H6736#0	1) imagen, ídolo
H6737#0	1) (BDB) (Hithpael) abastecerse de provisiones, tomar como provisión
H6737#1	2) (CLBL) actuar como enviado
H6738#0	1) sombra
H6738#1	1a) sombra (en el reloj de sol)
H6738#2	1b) sombra (como protección)
H6738#3	1c) sombra (símbolo de lo pasajero de la vida)
H6739#0	1) (Pael) orar
H6740#0	1) (Qal) asar
H6741#0	Zillah = «sombra»
H6741#1	1) la 2.ª esposa de Lamec y madre de Tubal-caín, instructor de todo artífice en bronce y hierro
H6742#0	1) torta, pan redondo, redondo, rodante
H6743#0	1) (Qal) precipitarse
H6743#1	2) avanzar, prosperar, progresar, tener éxito, ser provechoso
H6743#2	2a) (Qal) prosperar
H6743#3	2b) (Hiphil)
H6743#4	2b1) hacer prosperar, llevar a buen término, hacer que prospere
H6743#5	2b2) mostrar o experimentar prosperidad, prosperar
H6744#0	1) prosperar
H6744#1	1a) (Aphel)
H6744#2	1a1) hacer prosperar
H6744#3	1a2) mostrar prosperidad, ser próspero, tener éxito, prosperar
H6745#0	1) olla de cocina, olla
H6746#0	1) jarra, tazón
H6747#0	1) plato, tazón
H6748#0	sustantivo masculino
H6748#1	1) asado
H6748#2	adjetivo
H6748#3	2) (CLBL) asado
H6749#0	1) (Qal) hundirse, ser sumergido
H6750#0	1) retiñir, temblar
H6750#1	1a) (Qal)
H6750#2	1a1) retiñir (de los oídos)
H6750#3	1a2) temblar (de miedo)
H6751#0	1) estar o volverse o hacerse oscuro
H6751#1	1a) (Qal) volverse o hacerse oscuro
H6751#2	1b) (Hiphil) dar sombra
H6752#0	1) sombra
H6752#1	1a) sombra (en el reloj de sol)
H6752#2	1b) sombra (como protección)
H6752#3	1c) sombra (símbolo de lo pasajero de la vida)
H6753#0	Hazelelponi = «frente a la sombra»
H6753#1	1) hermana de los hijos de Etam en las genealogías de Judá
H6754#0	1) imagen
H6754#1	1a) imágenes (de tumores, ratones, dioses paganos)
H6754#2	1b) imagen, semejanza (de parecido)
H6754#3	1c) mera, vacía, imagen, apariencia (fig.)
H6755#0	1) imagen, ídolo
H6756#0	Zalmon = «sombrío»
H6756#1	nombre propio masculino
H6756#2	1) ahohíta, uno de los valientes de David
H6756#3	nombre propio de lugar
H6756#4	2) colina boscosa en Samaria cerca de Siquem
H6757#0	1) sombra de muerte, sombra profunda, oscuridad profunda, sombra de muerte
H6757#1	1a) sombra de muerte
H6757#2	1b) sombra de muerte, sombra profunda, oscuridad
H6757#3	1c) sombra de muerte (de angustia, peligro extremo) (fig.)
H6757#4	1d) sombra de muerte (del lugar de los muertos) (fig.)
H6758#0	Zalmonah = «sombrío»
H6758#1	1) campamento de Israel durante el peregrinaje por el desierto, situado al este de Edom
H6759#0	Zalmunna = «privado de protección»
H6759#1	1) rey madianita muerto por Gedeón
H6760#0	1) cojear, ser cojo
H6760#1	1a) (Qal)
H6760#2	1a1) cojear
H6760#3	1a2) ser cojo
H6761#0	1) cojera, tropiezo
H6762#0	Zelah = «una costilla»
H6762#1	1) ciudad en Benjamín donde estaba el sepulcro familiar de Saúl
H6763#0	1) lado, costilla, viga
H6763#1	1a) costilla (del hombre)
H6763#2	1b) costado (de colina, loma, etc.)
H6763#3	1c) cámaras laterales o celdas (de la estructura del templo)
H6763#4	1d) costilla, tablón, tabla (de cedro o ciprés)
H6763#5	1e) hojas (de puerta)
H6763#6	1f) lado (del arca)
H6764#0	Zalaph = «herida»
H6764#1	1) padre de Hanún, quien ayudó a reconstruir el muro de Jerusalén después del regreso del exilio
H6765#0	Zelophehad = «primogénito»
H6765#1	1) manasita, hijo de Hefer y nieto de Galaad; salió de Egipto con Moisés y murió en el desierto dejando solo cinco hijas como herederas; su derecho a la herencia fue confirmado por dirección divina
H6766#0	Zelzah = «sombra»
H6766#1	1) lugar en la frontera de Benjamín, cerca del sepulcro de Raquel, a 5 millas (8 km) al suroeste de Jerusalén
H6767#0	1) zumbido, zumbar
H6767#1	2) lanza
H6767#2	3) langosta zumbadora
H6768#0	Zelek = «fisura»
H6768#1	1) amonita y guerrero de David
H6769#0	Zilthai = «oscuro»
H6769#1	1) benjamita de los hijos de Simei
H6769#2	2) manasita y jefe de millares que vino a David en Siclag
H6770#0	1) (Qal) tener sed
H6771#0	1) sediento
H6772#0	1) sed
H6773#0	1) estado reseco, sed, deshidratación
H6774#0	1) tierra sedienta
H6775#0	1) atar, unir, sujetar
H6775#1	1a) (Niphal) unirse, juntarse o adherirse a
H6775#2	1b) (Pual) ser sujetado, ser atado
H6775#3	1c)(Hiphil) combinar, ensamblar, enganchar
H6776#0	1) par, pareja, yunta, yugo
H6776#1	1a) par, pareja, yunta (generalmente de animales)
H6776#2	1b) acre
H6776#3	1b1) la cantidad de tierra que una yunta de bueyes podía arar en un día
H6777#0	1) velo, velo de mujer
H6778#0	1) racimo de pasas
H6779#0	1) brotar, germinar, crecer
H6779#1	1a)(Qal)
H6779#2	1a1) brotar, germinar
H6779#3	1a1a) de plantas
H6779#4	1a1b) del cabello
H6779#5	1a1c) del habla (fig.)
H6779#6	1b) (Piel) crecer abundante o espesamente
H6779#7	1c) (Hiphil)
H6779#8	1c1) hacer crecer
H6779#9	1c2) hacer brotar
H6780#0	1) brote, crecimiento, renuevo
H6780#1	1a) brotación, crecimiento, brote
H6780#2	1b) crecimiento (como proceso)
H6780#3	1c) brote, vástago (del Mesías del árbol davídico)
H6781#0	1) brazalete
H6781#1	2) tapa (de una vasija)
H6782#0	1) lazo, trampa, soga
H6782#1	1a) significado dudoso
H6783#0	1) cumplimiento, carácter definitivo, a perpetuidad
H6784#0	1) secar, secarse, marchitarse
H6784#1	1a) (Qal) marchitarse (de los pechos de las mujeres)
H6785#0	1) lana
H6785#1	1a) lana
H6785#2	1b) blancura (metáf.)
H6785#3	1c) lana (en vestidos)
H6786#0	Zemareo = véase Zemaraim «lanas dobles»
H6786#1	1) una de las tribus camitas descendientes de Canaán y habitantes de una ciudad cananea desconocida
H6787#0	Zemaraim = «doble vellón de lana»
H6787#1	1) ciudad en el norte de Benjamín cerca de Bet-el
H6787#2	2) colina en Efraín
H6788#0	1) copa de árbol
H6789#0	1) poner fin a, cortar, destruir, exterminar, extirpar
H6789#1	1a) (Qal) poner fin a, terminar
H6789#2	1b) (Niphal) ser terminado, ser aniquilado, ser exterminado
H6789#3	1c) (Piel) poner fin a
H6789#4	1d) (Pilel) ser exterminado, ser aniquilado
H6789#5	1e) (Hiphil) exterminar, aniquilar
H6790#0	Zin = «llano»
H6790#1	1) nombre dado a una parte del tramo desértico entre el mar Muerto y el Arabá al este, en la cual estaba Cades-barnea
H6791#0	1) espina, púa
H6791#1	1a) significado dudoso
H6792#0	1) rebaño, ovejas
H6793#0	1) algo punzante, garfio, púa
H6793#1	1a) significado dudoso
H6793#2	2) frescura, frío (de la nieve)
H6793#3	3) escudo, escudo grande, broquel
H6793#4	3a) escudo
H6794#0	1) tubo, canal, conducto, conducto de agua
H6795#0	1) (Qal) bajar, descender
H6796#0	1) espina, aguijón
H6797#0	1) turbante, tocado
H6798#0	1) (Qal) secarse, endurecerse, marchitarse
H6799#0	Zenan = «puntiagudo»
H6799#1	1) ciudad en la tierra baja de Judá
H6800#0	1) ser humilde, ser modesto, ser bajo
H6800#1	1a) (Qal) mostrar humildad
H6800#2	2) (Hiphil) modesto
H6801#0	1) (Qal) envolver, enrollar o liar juntamente, enrollar alrededor
H6802#0	1) enrollamiento, cosa envuelta, bola
H6803#0	1) jarra, olla, recipiente
H6804#0	1) tubo
H6804#1	1a) tubos que alimentan de aceite las lámparas
H6805#0	1) dar pasos, marchar, andar a zancadas
H6805#1	1a) (Qal) dar pasos, marchar
H6805#2	1b) (Hiphil) hacer marchar
H6806#0	1) paso, zancada
H6806#1	1a) paso
H6806#2	1b) paso, pasos (del curso de la vida) (fig.)
H6807#0	1) marcha
H6807#1	2) brazalete, ajorca, cadenillas de los pies
H6808#0	1) agacharse, inclinarse, inclinar
H6808#1	1a) (Qal)
H6808#2	1a1) agacharse, inclinarse
H6808#3	1a2) inclinar, ladear
H6808#4	1b) (Piel) volcar
H6809#0	1) envoltura, chal, velo
H6810#0	1) pequeño, insignificante, joven
H6810#1	1a) pequeño, insignificante
H6810#2	1b) insignificante, humilde
H6810#3	1c) joven, menor, el más joven
H6811#0	Zair = «pequeño»
H6811#1	1) ciudad en Edom
H6812#0	1) juventud
H6813#0	1) (Qal) vagar, viajar
H6814#0	Zoan = «lugar de partida»
H6814#1	1) antigua ciudad del Bajo Egipto llamada Tanis por los griegos; situada en la orilla oriental del brazo tanítico del Nilo; capital de la dinastía de los pastores, edificada 7 años después de Hebrón y existente antes de Abraham, y residencia de Faraón en tiempos del éxodo
H6814#2	1a) la moderna 'San'
H6815#0	Zaanannim o Zaanaim = «traslados»
H6815#1	1) lugar en Neftalí cerca de Cedes
H6816#0	1) cosas formadas, imágenes, figuras esculpidas
H6817#0	1) clamar, gritar, llamar, pedir auxilio
H6817#1	1a) (Qal)
H6817#2	1a1) clamar, gritar (pidiendo auxilio)
H6817#3	1a2) clamar, gritar (en angustia o necesidad)
H6817#4	1a3) dar gritos, vociferar
H6817#5	1b) (Niphal) ser convocado
H6817#6	1c) (Piel) clamar en voz alta (de dolor)
H6817#7	1d) (Hiphil) convocar
H6818#0	1) clamor, grito
H6818#1	1a) clamor (contra)
H6818#2	1b) grito de angustia (especialmente como lo oye Dios)
H6819#0	1) ser o volverse insignificante, empequeñecerse
H6819#1	1a) (Qal) ser insignificante
H6820#0	Zoar = «insignificancia»
H6820#1	1) ciudad en el extremo sureste del mar Muerto, agrupada con Sodoma y Gomorra como una de las 5 ciudades destinadas a la destrucción por Dios; perdonada a ruegos de Lot como su lugar de refugio
H6821#0	1) contraer, encoger, juntar
H6821#1	1a) (Qal) encoger, contraer, arrugarse
H6822#0	1) otear o mirar alrededor, espiar, vigilar, observar, velar
H6822#1	1a)(Qal) vigilar, espiar
H6822#2	1b) (Piel) velar, vigilar de cerca
H6823#0	1) extender sobre, recubrir, revestir, cubrir
H6823#1	1a) (Piel) revestir, chapar, tachonar
H6823#2	1b) (Pual) ser recubierto
H6824#0	1) flujo, desbordamiento, descarga
H6825#0	Zepho o Zephi = «atalaya»
H6825#1	1) hijo de Elifaz y nieto de Esaú, y uno de los jefes de los edomitas
H6826#0	1) revestimiento (de metal), chapa metálica
H6827#0	Zephon = «tesoro»
H6827#1	1) hijo de Gad y progenitor de la familia de los zefonitas
H6828#0	1) norte (como dirección), hacia el norte
H6828#1	1a) norte
H6828#2	1b) hacia el norte
H6829#0	Zaphon = «norte»
H6829#1	1) ciudad en Gad al este del mar de Galilea, en la orilla oriental del Jordán
H6830#0	adjetivo
H6830#1	1) septentrional
H6830#2	sustantivo masculino
H6830#3	2) el del norte, norteño (sustantivo)
H6831#0	Zefonitas = véase Zephon «tesoro»
H6831#1	1) descendientes de Zefón, hijo de Gad
H6832#0	1) estiércol (de ganado), abono, boñiga
H6833#0	1) ave, pájaro
H6833#1	1a) ave (singular)
H6833#2	1b) aves (colectivo)
H6834#0	Zippor = «gorrión»
H6834#1	1) padre de Balac, rey de Moab en tiempos del éxodo
H6835#0	1) jarra, cántaro (para líquidos)
H6836#0	1) puesto de observación, vigía, atalaya
H6837#0	Ziphion = «vigía»
H6837#1	1) hijo de Gad y progenitor de la familia de los zefonitas
H6837#2	1a) también 'Zephon'
H6838#0	1) torta plana, oblea
H6839#0	Zophim = «vigilantes»
H6839#1	1) lugar en la cumbre del Pisga o cerca de ella, sitio de los oráculos de Balaam
H6840#0	1) tesoro, cosa escondida
H6841#0	1) macho cabrío
H6842#0	1) macho cabrío
H6843#0	1) trenza, guirnalda, corona de flores, corona
H6843#1	1a) trenza, coronilla, diadema
H6844#0	1) alfombra, tapiz
H6844#1	2) (CLBL) vigilancia
H6845#0	1) esconder, atesorar, guardar o almacenar
H6845#1	1a)(Qal)
H6845#2	1a1) esconder, atesorar, guardar
H6845#3	1a2) estar escondido, acechar
H6845#4	1b) (Niphal) ser escondido, ser guardado
H6845#5	1c) (Hiphil) esconder, ocultar para no ser descubierto
H6846#0	Zephaniah = «Jehová ha atesorado»
H6846#1	1) el 9.º en orden de los 12 profetas menores; descendiente del rey Ezequías de Judá y profeta en tiempos del rey Josías de Judá
H6846#2	2) hijo de Maasías y segundo sacerdote en el reinado del rey Sedequías de Judá; sucedió a Joiada y fue oficial del templo; muerto en Ribla tras la toma de Jerusalén
H6846#3	3) padre de Josías y de Hen en tiempos del profeta Zacarías
H6846#4	4) un levita
H6847#0	Zaphnath-paaneah = «tesoro del glorioso reposo»
H6847#1	1) nombre dado por Faraón a José
H6848#0	1) serpiente venenosa
H6848#1	1a) una víbora o áspid
H6849#0	1) retoño, hoja, vástago
H6849#1	1a) significado dudoso
H6850#0	1) (Pilpel) piar, chillar
H6850#1	1a) de aves
H6850#2	1b) de espíritus
H6851#0	1) una especie de sauce, sauce
H6852#0	1) (Qal) ir temprano, partir temprano
H6852#1	1a) significado dudoso
H6853#0	1) ave
H6854#0	1) ranas
H6855#0	Zipporah = «ave»
H6855#1	1) hija de Reuel o Jetro, esposa de Moisés y madre de Gersón y Eliezer
H6856#0	1) uña, punta de punzón
H6856#1	1a) uña
H6856#2	1b) punta (de diamante)
H6857#0	Zephath = «atalaya»
H6857#1	1) ciudad cananea en Simeón, rebautizada Horma por los israelitas
H6858#0	1) capitel chapado (de columna)
H6859#0	Zephathah = «atalaya»
H6859#1	1) valle en el occidente de Judá
H6860#0	Ziklag = «sinuoso»
H6860#1	1) ciudad en el sur de Judá, más tarde asignada a Simeón; notable por haber sido la ciudad de David que le dio el rey Aquis de Gat, y su residencia cuando se le unieron muchos de sus valientes y cuando recibió la noticia de la muerte de Saúl
H6861#0	1) saco, bolsa
H6861#1	1a) significado dudoso
H6862#0	1) estrecho, apretado
H6862#1	2) aprieto, angustia
H6862#2	3) adversario, enemigo, contrario, opresor
H6862#3	4) guijarro duro, pedernal
H6863#0	Zer = «pedernal»
H6863#1	1) ciudad fortificada en Neftalí, probablemente en la zona del mar de Galilea
H6864#0	1) pedernal, guijarro duro
H6864#1	1a) usado como cuchillo
H6865#0	Tiro = «una roca»
H6865#1	1) la ciudad fenicia en la costa del Mediterráneo
H6866#0	1) quemar, chamuscar
H6866#1	1a) (Niphal) ser chamuscado
H6867#0	sustantivo femenino
H6867#1	1) costra, cicatriz de una llaga
H6867#2	adjetivo
H6867#3	2) ardiente, abrasador
H6868#0	Zereda o Zeredathah = «fortaleza»
H6868#1	1) ciudad o territorio en Manasés y patria de Jeroboam
H6869#0	1) aprieto, angustia, tribulación
H6869#1	2) la que irrita, esposa rival
H6870#0	Zeruiah = «bálsamo»
H6870#1	1) hermana de David y madre de los 3 principales héroes del ejército de David: Abisai, Joab y Asael
H6871#0	Zeruah = «de pechos llenos»
H6871#1	1) esposa de Nabat y madre del rey Jeroboam I del reino del norte de Israel
H6872#0	1) atado, paquete, bolsa, saco (empacado)
H6872#1	2) guijarro
H6873#0	1) gritar, rugir, emitir un sonido agudo o claro
H6873#1	1a) (Qal) rugir
H6873#2	1b) (Hiphil) lanzar un rugido, dar un grito (de guerra)
H6874#0	Zeri = «edificado»
H6874#1	1) hijo de Jedutún y músico en la corte de David
H6875#0	1) una especie de bálsamo, bálsamo, ungüento
H6875#1	1a) como mercancía
H6875#2	1b) como medicina
H6876#0	Tirio = véase Tiro «angustiar»
H6876#1	1) habitante de Tiro
H6877#0	1) excavación, cámara subterránea, sótano, cuarto subterráneo
H6877#1	1a) significado incierto
H6878#0	1) necesidad
H6879#0	1) tener enfermedad de la piel, ser leproso
H6879#1	1a) (Qal) ser leproso
H6879#2	1b) (Pual) tener lepra
H6880#0	1) avispas
H6881#0	Zareah o Zoreah o Zorah = «avispa»
H6881#1	1) ciudad en Dan, residencia de Manoa y ciudad natal de Sansón
H6882#0	Zoritas o zoratitas = véase Zorah «avispa»
H6882#1	1) los habitantes de Zora
H6883#0	1) lepra
H6883#1	1a) en personas, enfermedad maligna de la piel (Le 13:1-14:57)
H6883#2	1b) en la ropa, moho o hongo (Le 13:47-52)
H6883#3	1c) en edificios, moho o hongo (Le 14:34-53)
H6884#0	1) fundir, refinar, probar
H6884#1	1a) (Qal)
H6884#2	1a1) fundir, refinar
H6884#3	1a2) probar
H6884#4	1a3) probar (y demostrar genuino)
H6884#5	1a4) fundidor, refinador, orfebre (participio)
H6884#6	1b) (Niphal) ser refinado
H6884#7	1c) (Piel) ser refinador
H6884#8	1c1) refinador (participio)
H6885#0	1) orfebres
H6886#0	Zarephath = «refinería»
H6886#1	1) ciudad en la costa al sur de Sidón y residencia de Elías durante la última parte de la sequía; la moderna 'Sura-fend'
H6887#0	1) atar, ser estrecho, estar en angustia, estrechar, causar angustia, sitiar, estar en aprieto, ser atado
H6887#1	1a) (Qal)
H6887#2	1a1) atar, amarrar, encerrar
H6887#3	1a2) ser escaso, estar apretado, estar en aprietos
H6887#4	1b) (Pual) ser atado, ser amarrado
H6887#5	1c) (Hiphil)
H6887#6	1c1) estrechar a, causar angustia a, apretar con fuerza
H6887#7	1c2) sufrir angustia
H6887#8	2) mostrar hostilidad hacia, afligir
H6887#9	1a) (Qal)
H6887#10	1a1) mostrar hostilidad hacia, tratar con enemistad, afligir, hostigar
H6887#11	1a2) el que aflige, hostigador (participio)
H6888#0	Zererath = «opresión»
H6888#1	1) ciudad o territorio en Manasés y patria de Jeroboam
H6888#2	1a) el mismo que H06868
H6889#0	Zereth = «esplendor»
H6889#1	1) hijo de Asur, fundador de Tecoa, y de su esposa Hela
H6890#0	Zareth-shahar = «esplendor del alba»
H6890#1	1) ciudad en Rubén
H6891#0	Zarthan o Zaretan = «su angustia»
H6891#1	1) lugar en el valle del Jordán donde el río se dividió para que Israel pasara a la conquista de Canaán
H6891#2	1a) sitio desconocido
H6892#0	1) vómito, lo vomitado
H6893#0	1) ave ceremonialmente inmunda
H6893#1	1a) quizá pelícano o cormorán
H6893#2	1b) quizá un ave extinta, significado exacto desconocido
H6894#0	1) medida de áridos, cab
H6894#1	1a) unos 1,5 litros, 1/6 de un sea, o 1/18 de un efa
H6895#0	1) maldecir, pronunciar una maldición contra
H6895#1	1a) (Qal) maldecir
H6896#0	1) estómago, vientre, cuajar
H6896#1	1a) estómago (de la víctima del sacrificio)
H6896#2	1b) vientre (de mujer)
H6897#0	1) estómago, vientre, cuajar
H6897#1	1a) estómago (de la víctima del sacrificio)
H6897#2	1b) vientre (de mujer)
H6898#0	1) tienda grande abovedada, tienda
H6899#0	1) reunión, asamblea, congregación
H6899#1	2) (BDB) montón
H6900#0	1) sepulcro, sepultura, lugar de sepultura
H6900#1	1a) sepulcro
H6900#2	1b) sepultura
H6901#0	1) tomar, recibir, estar delante
H6901#1	1a) (Piel)
H6901#2	1a1) tomar, escoger, recibir
H6901#3	1a2) aceptar
H6901#4	1a3) aceptar, asumir
H6901#5	1b) (Hiphil)
H6901#6	1b1) mostrar correspondencia opuesta
H6901#7	1b2) corresponder, recibir el uno al otro
H6902#0	1) (Pael) recibir
H6903#0	sustantivo
H6903#1	1) frente
H6903#2	preposición
H6903#3	2) delante de, ante, a causa de, en vista de, por razón de, por esto, por tanto
H6903#4	conjunción
H6903#5	3) porque, por cuanto, aunque, según, antes de que
H6903#6	adverbio
H6903#7	4) en consecuencia, entonces
H6904#0	1) algo al frente, máquina de ataque, algo delante
H6904#1	1a) delante
H6904#2	1b) máquina de asedio, ariete
H6905#0	sustantivo masculino
H6905#1	1) algo al frente, máquina de ataque, algo delante
H6905#2	1a) delante
H6905#3	1b) máquina de asedio, ariete
H6905#4	adverbio
H6905#5	1) (CLBL) delante
H6906#0	1) (Qal) robar
H6906#1	1a) significado dudoso
H6907#0	1) copa
H6908#0	1) juntar, reunir
H6908#1	1a) (Qal) juntar, recoger, reunir
H6908#2	1b) (Niphal)
H6908#3	1b1) reunirse, juntarse
H6908#4	1b2) ser reunido
H6908#5	1c) (Piel) juntar, reunir, llevarse
H6908#6	1d) (Pual) ser reunido
H6908#7	1e) (Hithpael) reunirse, ser reunidos
H6909#0	Kabzeel = «Dios reúne»
H6909#1	1) la ciudad más remota de Judá; situada en el sur de Judá en la frontera de Edom
H6910#0	1) reunión, asamblea
H6911#0	Kibzaim = «dos reuniones»
H6911#1	1) ciudad levítica coatita en Efraín, en el monte de Efraín
H6912#0	1) sepultar
H6912#1	1a) (Qal) sepultar
H6912#2	1b) (Niphal) ser sepultado
H6912#3	1c) (Piel) sepultar, sepultar (en masa)
H6912#4	1d) (Pual) ser sepultado
H6913#0	1) sepultura, sepulcro, tumba
H6914#0	Kibroth-hattaavah = «sepulcros de la codicia»
H6914#1	1) campamento de Israel en el desierto a 3 jornadas del Sinaí, cerca del golfo de Aqaba
H6915#0	1) (Qal) inclinarse
H6916#0	1) una especia, casia
H6917#0	1) antigüedad, antiguo, impetuoso
H6917#1	1a) significado dudoso
H6918#0	1) sagrado, santo, el Santo, santo (persona), apartado
H6919#0	1) encender, encenderse
H6919#1	1a) (Qal)
H6919#2	1a1) encender
H6919#3	1a2) encenderse
H6920#0	1) fiebre
H6921#0	1) oriente, viento solano
H6921#1	1a) oriente (como dirección)
H6921#2	1b) viento solano
H6922#0	1) santo, apartado
H6922#1	2) (TWOT) ángeles, santos
H6923#0	1) salir al encuentro, venir o estar delante, enfrentar, ir delante
H6923#1	1a) (Piel)
H6923#2	1a1) salir al encuentro, enfrentar, venir a recibir, recibir
H6923#3	1a2) ir delante, ir al frente, estar delante
H6923#4	1a3) guiar, adelantarse, anticipar, prevenir
H6923#5	1b) (Hiphil)
H6923#6	1b1) venir delante
H6923#7	1b2) enfrentar, anticipar
H6924#0	sustantivo masculino
H6924#1	1) oriente, antigüedad, frente, lo que está delante, antiguamente
H6924#2	1a) frente, desde el frente u oriente, delante, monte del Oriente
H6924#3	1b) tiempo antiguo, antiguamente, antiguo, desde la antigüedad, tiempo más remoto
H6924#4	1c) antiguamente, desde antiguo (adverbio)
H6924#5	1d) principio
H6924#6	1e) oriente
H6924#7	adverbio
H6924#8	2) hacia el oriente, al o hacia el Oriente
H6925#0	1) delante, delante de
H6925#1	1a) delante
H6925#2	1b) de delante
H6926#0	1) adelante, frente, oriente, antigüedad, Oriente
H6926#1	1a) delante de, frente a, frente
H6926#2	1b) al oriente de, oriente
H6927#0	1) antigüedad, estado o condición o situación anterior, antes, origen
H6927#1	1a) antigüedad, principio, origen
H6927#2	1b) estado o situación anterior conjunción
H6927#3	1c) antes
H6928#0	1) tiempo o situación anterior, como antes
H6929#0	Kedemah = «original»
H6929#1	1) el hijo menor de Ismael
H6930#0	1) oriental
H6931#0	1) anterior, antiguo, oriental
H6931#1	1a) anterior, antiguo
H6931#2	1b) oriental
H6932#0	Kedemoth = «oriental»
H6932#1	1) una de las ciudades del distrito al este del mar Muerto asignadas a la tribu de Rubén y dadas a los levitas meraritas
H6933#0	1) anterior, primero
H6933#1	1a) primero
H6933#2	1b) anterior
H6934#0	Kadmiel = «Dios es el antiguo»
H6934#1	1) levita, descendiente de Hodavías y cabeza de una familia de exiliados que regresaron; también supervisó la obra del templo y fue uno de los dirigentes que guiaron al pueblo en la confesión pública
H6935#0	Cadmoneos = «orientales»
H6935#1	1) pueblo que ocupaba la tierra de Canaán cuando Dios se la prometió a Abram
H6936#0	1) cabeza, coronilla, parte superior de la cabeza, coronilla cabelluda, cuero cabelludo
H6937#0	1) hacer duelo, estar oscuro
H6937#1	1a) (Qal) estar oscuro
H6937#2	1b) (Hiphil)
H6937#3	1b1) oscurecer
H6937#4	1b2) hacer hacer duelo
H6937#5	1c) (Hithpael) oscurecerse
H6938#0	Kedar = «oscuro»
H6938#1	nombre propio masculino
H6938#2	1) hijo de Ismael
H6938#3	nombre propio de pueblo
H6938#4	2) los descendientes de Cedar
H6939#0	Cedrón = «oscuro»
H6939#1	1) arroyo al este de Jerusalén
H6940#0	1) oscuridad, tinieblas
H6941#0	1) tristemente, enlutados
H6942#0	1) consagrar, santificar, preparar, dedicar, ser santificado, ser santo, ser apartado
H6942#1	1a) (Qal)
H6942#2	1a1) ser apartado, ser consagrado
H6942#3	1a2) ser santificado
H6942#4	1a3) consagrado, vedado
H6942#5	1b) (Niphal)
H6942#6	1b1) mostrarse sagrado o majestuoso
H6942#7	1b2) ser honrado, ser tratado como sagrado
H6942#8	1b3) ser santo
H6942#9	1c) (Piel)
H6942#10	1c1) apartar como sagrado, consagrar, dedicar
H6942#11	1c2) observar como santo, guardar como sagrado
H6942#12	1c3) honrar como sagrado, santificar
H6942#13	1c4) consagrar
H6942#14	1d) (Pual)
H6942#15	1d1) ser consagrado
H6942#16	1d2) consagrado, dedicado
H6942#17	1e) (Hiphil)
H6942#18	1e1) apartar, dedicar, consagrar
H6942#19	1e2) considerar o tratar como sagrado, santificar
H6942#20	1e3) consagrar
H6942#21	1f) (Hithpael)
H6942#22	1f1) mantenerse apartado o separado
H6942#23	1f2) hacerse santificar (de Dios)
H6942#24	1f3) ser observado como santo
H6942#25	1f4) consagrarse
H6943#0	Kedesh = «lugar santo»
H6943#1	1) ciudad en el extremo sur de Judá
H6943#2	1a) la misma que 'Cades' y 'Cades-barnea'
H6943#3	2) ciudad de Isacar asignada a los levitas gersonitas
H6943#4	3) ciudad cananea fortificada asignada a Neftalí
H6943#5	4) ciudad de refugio en Neftalí
H6944#0	1) apartamiento, santidad, carácter sagrado, separación
H6944#1	1a) apartamiento, carácter sagrado, santidad
H6944#2	1a1) de Dios
H6944#3	1a2) de lugares
H6944#4	1a3) de cosas
H6944#5	1b) condición de apartado, separación
H6945#0	1) prostituto del templo, sodomita
H6946#0	Cades = «santo»
H6946#1	1) ciudad en el extremo sur de Judá
H6946#2	1a) la misma que 'Cedes' y 'Cades-barnea'
H6947#0	Cades-barnea = «santo»
H6947#1	1) ciudad en el extremo sur de Judá
H6947#2	1a) la misma que 'Cedes' y 'Cades'
H6948#0	1) prostituta del templo, ramera
H6949#0	1) estar embotado, estar romo
H6949#1	1a) (Qal) estar embotado, estar romo
H6949#2	1b) (Piel) estar embotado
H6950#0	1) congregar, reunir
H6950#1	1a) (Niphal) congregarse
H6950#2	1a1) por motivos religiosos
H6950#3	1a2) por motivos políticos
H6950#4	1b) (Hiphil) convocar una asamblea
H6950#5	1b1) para la guerra, el juicio
H6950#6	1b2) con fines religiosos
H6951#0	1) asamblea, multitud, congregación, convocación
H6951#1	1a) asamblea
H6951#2	1a1) para consejo malvado, guerra o invasión, fines religiosos
H6951#3	1b) multitud (de exiliados que regresan)
H6951#4	1c) congregación
H6951#5	1c1) como cuerpo organizado
H6952#0	1) asamblea, congregación
H6953#0	1) recopilador (de sentencias), predicador, orador público, el que habla en una asamblea, Qohelet
H6954#0	Kehelathah = «asamblea»
H6954#1	1) campamento de los israelitas durante su peregrinaje por el desierto
H6955#0	Coat = «asamblea»
H6955#1	1) el 2.º de los 3 hijos de Leví y progenitor de una familia de la tribu de Leví
H6956#0	Coatitas = véase Coat «asamblea»
H6956#1	1) los descendientes de Coat, el 2.º hijo de Leví
H6957#0	1) cordel, línea, cordel de medir
H6957#1	1a) cordel
H6957#2	1b) cordel de medir
H6957#3	2) (BDB) imitación onomatopéyica de las palabras de Isaías, quizá sin sentido
H6958#0	1) vomitar, arrojar, devolver
H6958#1	1a) (Qal) vomitar
H6958#2	1b) (Hiphil) vomitar
H6958#3	1b1) de la tierra que vomita a sus habitantes (fig.)
H6958#4	1b2) vómito, acción de arrojar
H6959#0	1) yelmo
H6960#0	1) esperar, aguardar, tener esperanza, contar con
H6960#1	1a) (Qal) que espera (participio)
H6960#2	1b) (Piel)
H6960#3	1b1) esperar o aguardar ansiosamente
H6960#4	1b2) acechar
H6960#5	1b3) esperar a, demorarse aguardando
H6960#6	2) juntar, atar juntamente
H6960#7	2a) (Niphal) ser juntado
H6961#0	1) cordel
H6962#0	1) aborrecer, estar disgustado, sentir aversión
H6962#1	1a) (Qal) sentir aversión
H6962#2	1b) (Niphal)
H6962#3	1b1) sentir aversión contra sí mismo
H6962#4	1b2) detestar
H6962#5	1c) (Hithpolel) aborrecerse a sí mismo
H6963#0	1) voz, sonido, ruido
H6963#1	1a) voz
H6963#2	1b) sonido (de instrumento)
H6963#3	2) liviandad, frivolidad
H6964#0	Kolaiah = «voz de Jehová»
H6964#1	1) padre del falso profeta Acab
H6964#2	2) benjamita cuyos descendientes se establecieron en Jerusalén tras el regreso del cautiverio
H6964#3	3) levita en tiempos de Esdras
H6965#0	1) levantarse, surgir, ponerse en pie, alzarse, erguirse
H6965#1	1a) (Qal)
H6965#2	1a1) levantarse
H6965#3	1a2) levantarse (en sentido hostil)
H6965#4	1a3) levantarse, volverse poderoso
H6965#5	1a4) surgir, entrar en escena
H6965#6	1a5) permanecer en pie
H6965#7	1a5a) mantenerse
H6965#8	1a5b) ser establecido, ser confirmado
H6965#9	1a5c) permanecer, perdurar
H6965#10	1a5d) ser fijado
H6965#11	1a5e) ser válido
H6965#12	1a5f) ser probado
H6965#13	1a5g) ser cumplido
H6965#14	1a5h) persistir
H6965#15	1a5i) ser puesto, ser fijado
H6965#16	1b) (Piel)
H6965#17	1b1) cumplir
H6965#18	1b2) confirmar, ratificar, establecer, imponer
H6965#19	1c) (Polel) levantar
H6965#20	1d) (Hithpael) levantarse, alzarse
H6965#21	1e) (Hiphil)
H6965#22	1e1) hacer levantar, levantar
H6965#23	1e2) levantar, erigir, alzar, edificar
H6965#24	1e3) levantar, hacer entrar en escena
H6965#25	1e4) levantar, despertar, incitar, investigar
H6965#26	1e5) levantar, constituir
H6965#27	1e6) hacer estar en pie, poner, apostar, establecer
H6965#28	1e7) hacer obligatorio
H6965#29	1e8) llevar a cabo, dar efecto a
H6965#30	1f) (Hophal) ser levantado
H6966#0	1) levantarse, estar en pie
H6966#1	1a) (P'al)
H6966#2	1a1) levantarse de
H6966#3	1a2) entrar en escena (fig.)
H6966#4	1a3) levantarse (de la inactividad)
H6966#5	1a4) estar en pie
H6966#6	1a5) perdurar
H6966#7	1b) (Pael) establecer, instituir
H6966#8	1c) (Aphel)
H6966#9	1c1) erigir
H6966#10	1c2) levantar
H6966#11	1c3) establecer
H6966#12	1c4) nombrar
H6966#13	1d) (Hophal) ser puesto en pie
H6967#0	1) altura
H6967#1	1a) altura, estatura
H6967#2	1b) altura
H6968#0	1) erguidamente (como adverbio)
H6969#0	1) entonar una endecha, cantar, gemir, lamentar
H6969#1	1a) (Polel) lamentar
H6970#0	Koa = «camello macho»
H6970#1	1) territorio en Mesopotamia, al este del Tigris, en la frontera de Elam y Media
H6971#0	1) mono
H6972#0	1) (Qal) pasar el verano
H6973#0	1) estar disgustado, aborrecer, abominar, sentir aversión o abominación o pavor nauseabundo
H6973#1	1a) (Qal)
H6973#2	1a1) sentir aversión por, aborrecer
H6973#3	1a2) sentir un pavor nauseabundo
H6973#4	1b) (Hiphil)
H6973#5	1b1) causar un pavor nauseabundo
H6973#6	1b2) causar aversión
H6974#0	1) despertar, despertarse
H6974#1	1a) (Hiphil) despertar, excitar, dar señales de despertar, despertarse
H6975#0	1) espino, zarza
H6975#1	1a) zarza
H6975#2	1b) espino
H6976#0	Koz = «espino»
H6976#1	1) descendiente de Judá
H6976#2	2) sacerdote que volvió del exilio con Zorobabel
H6977#0	1) rizo, rizos de cabello
H6978#0	1) poder
H6979#0	1) (Qal) perforar, cavar, cavar en busca de agua
H6979#1	2) estar frío
H6979#2	2a) (Hiphil) hacer o mantener fresco
H6979#3	3) (Pilpel) destruir, derribar
H6980#0	1) hilo, película, tela
H6981#0	Kore = «pregonero»
H6981#1	1) levita coreíta, antepasado de Salum y Meselemías, jefes de los porteros en el reinado de David
H6981#2	2) levita, hijo de Imna, en el reinado del rey Ezequías de Judá
H6982#0	1) viga, madero
H6983#0	1) (Qal) poner cebo o señuelo, tender un lazo, atraer
H6984#0	Kushaiah = «arco de Jehová»
H6984#1	1) padre de Etán el merarita
H6984#2	1a) el mismo que 'Cis' o 'Quisi'
H6985#0	1) cosa pequeña, poco, meramente (adverbio)
H6985#1	1a) significado dudoso
H6986#0	1) destrucción
H6987#0	1) destrucción
H6988#0	1) humo del sacrificio, incienso
H6989#0	Keturah = «incienso»
H6989#1	1) esposa de Abraham después de la muerte de Sara
H6990#0	1) (Qal) ser cortado, quebrarse, partirse
H6990#1	1a) significado dudoso
H6991#0	1) (Qal) matar, dar muerte
H6992#0	1) matar, dar muerte
H6992#1	1a) (P'al) ser muerto
H6992#2	1b) (Pael) matar
H6992#3	1c) (Ithp'al) ser muerto
H6992#4	1d) (Ithpael) ser muerto
H6993#0	1) matanza
H6994#0	1) ser pequeño, ser insignificante
H6994#1	1a) (Qal) ser insignificante
H6994#2	1b) (Hiphil) achicar, reducir considerablemente
H6995#0	1) dedo meñique
H6996#0	1) joven, pequeño, insignificante, sin importancia
H6996#1	1a) pequeño
H6996#2	1b) insignificante
H6996#3	1c) joven
H6996#4	1d) sin importancia
H6997#0	Hakkatan = «el pequeño»
H6997#1	1) padre de Johanán, jefe de los hijos de Azgad que volvieron del exilio con Esdras
H6998#0	1) arrancar, cortar
H6998#1	1a) (Qal) arrancar
H6998#2	1b) (Niphal) ser arrancado
H6999#0	verbo
H6999#1	1) sacrificar, quemar incienso, quemar sacrificios, hacer humear los sacrificios
H6999#2	1a) (Piel)
H6999#3	1a1) hacer humear los sacrificios
H6999#4	1a2) sacrificar
H6999#5	1b) (Pual) hacer humear un sacrificio
H6999#6	1c) (Hiphil)
H6999#7	1c1) hacer humear los sacrificios
H6999#8	1c2) hacer humear el incienso, ofrecer incienso
H6999#9	1c3) hacer humear sobre
H6999#10	1d) (Hophal) ser hecho humear
H6999#11	sustantivo masculino
H6999#12	2) incienso
H6999#13	sustantivo femenino
H6999#14	3) altar del incienso
H7000#0	1) (Qal) encerrar, rodear, unir
H7000#1	1a) significado dudoso
H7001#0	1) nudo, articulación, problema
H7001#1	1a) articulaciones (de la cadera)
H7001#2	1b) dificultades, dudas (fig.)
H7002#0	1) incienso
H7003#0	Kitron = «incienso»
H7003#1	1) ciudad en Zabulón
H7004#0	1) incienso, humo, olor de sacrificio (quemado)
H7004#1	1a) humo grato del sacrificio
H7004#2	1b) incienso
H7004#3	1c) perfume
H7005#0	Kattath = «pequeño»
H7005#1	1) ciudad en Zabulón
H7006#0	1) (Qal) vomitar, arrojar, devolver
H7007#0	1) verano
H7008#0	1) humo espeso, humo
H7009#0	1) adversario
H7010#0	1) decreto, estatuto
H7011#0	1) seguro, duradero
H7012#0	1) levantamiento
H7013#0	1) lanza
H7014#0	Caín = «posesión»
H7014#1	nombre propio masculino
H7014#2	1) hijo mayor de Adán y Eva y el primer homicida, pues mató a su hermano Abel
H7014#3	Ceneo = «herreros»
H7014#4	nombre propio gentilicio
H7014#5	2) la tribu a la que pertenecía el suegro de Moisés, que vivía en la zona entre el sur de Palestina y los montes del Sinaí
H7015#0	1) lamentación, endecha, elegía
H7016#0	Kinah = «lamentación»
H7016#1	1) ciudad en el extremo de la frontera sur de Judá, junto a Edom
H7017#0	Ceneo = «herreros»
H7017#1	1) la tribu a la que pertenecía el suegro de Moisés, que vivía en la zona entre el sur de Palestina y los montes del Sinaí
H7018#0	Kenan = «posesión»
H7018#1	1) hijo de Enós y padre de Mahalaleel
H7018#2	1a) también 'Cainán'
H7019#0	1) verano, fruta de verano
H7019#1	1a) verano
H7019#2	1b) fruta de verano
H7020#0	1) al final, extremo, exterior
H7021#0	1) una planta
H7021#1	1a) quizá una calabacera, ricino, calabaza de peregrino
H7022#0	1) deshonra, vergüenza
H7023#0	1) pared, lado
H7023#1	1a) pared (de casa o cámara)
H7023#2	1b) los lados (del altar)
H7024#0	Kir = «muro»
H7024#1	1) lugar en Mesopotamia
H7025#0	Kir-hareseth o Kir-hares o Kir-haresh = «muro de tiestos»
H7025#1	1) una de las dos principales fortalezas de Moab
H7026#0	Keros = «tobillo»
H7026#1	1) cabeza de una familia de siervos del templo que volvió del exilio con Zorobabel
H7027#0	Kish = «encorvado»
H7027#1	1) benjamita de la familia de Matri, padre del rey Saúl
H7027#2	2) antepasado de Mardoqueo
H7027#3	3) hijo de Gabaón y hermano de Abdón, Zur, Baal, Ner, Nadab, Gedor, Ahío, Zacarías y Miclot; tío de Cis, padre del rey Saúl
H7027#4	4) levita merarita, hijo de Mahli y nieto de Merari, progenitor de la familia
H7027#5	5) levita merarita, hijo de Abdi, en tiempos del rey Ezequías de Judá
H7028#0	Cisón = «sinuoso»
H7028#1	1) río en el centro de Palestina; escenario de la derrota de Sísara por los israelitas en tiempos de los jueces y de la destrucción de los profetas de Baal por Elías
H7029#0	Kishi = «arco de Jehová»
H7029#1	1) levita merarita, padre o antepasado de Etán el músico en tiempos de David
H7030#0	1) instrumento musical
H7030#1	1a) probablemente la lira o la cítara
H7031#0	1) veloz, ligero, raudo
H7031#1	1a) veloz
H7031#2	1b) el que es veloz
H7032#0	1) voz, sonido
H7033#0	1) asar, tostar
H7033#1	1a) (Qal) asar
H7033#2	1b) (Niphal)
H7033#3	1b1) ser quemado
H7033#4	1b2) ardiente (participio)
H7034#0	1) deshonrar, afrentar, ser tenido en poco, ser deshonrado, ser despreciado
H7034#1	1a) (Niphal) ser deshonrado, ser despreciado, ser tenido en poco
H7034#2	1b) (Hiphil) tratar con desprecio, deshonrar, tratar vergonzosamente
H7035#0	1) (Niphal) congregarse, ser reunidos
H7036#0	1) vergüenza, deshonra, afrenta, ignominia
H7036#1	1a) ignominia (de una nación)
H7036#2	1b) deshonra, afrenta (personal)
H7037#0	1) caldero, olla, marmita
H7038#0	1) (Qal) ser atrofiado, ser defectuoso, ser deforme (de un animal para sacrificio al que le faltan partes del cuerpo)
H7039#0	1) grano tostado
H7039#1	1a) alimento común
H7040#0	Kallai = «veloz»
H7040#1	1) sacerdote de la familia de Salai en tiempos de Nehemías
H7041#0	Kelaiah = «Jehová ha deshonrado»
H7041#1	1) levita que tenía una esposa extranjera en tiempos de Esdras
H7041#2	1a) también 'Kelita'
H7042#0	Kelita = «lisiado»
H7042#1	1) levita que tenía una esposa extranjera en tiempos de Esdras
H7042#2	1a) también 'Kelaiah'
H7043#0	1) ser leve, ser veloz, ser insignificante, ser de poca cuenta, ser ligero
H7043#1	1a) (Qal)
H7043#2	1a1) ser leve, disminuir (del agua)
H7043#3	1a2) ser veloz
H7043#4	1a3) ser insignificante, ser de poca cuenta
H7043#5	1b) (Niphal)
H7043#6	1b1) ser veloz, mostrarse veloz
H7043#7	1b2) parecer insignificante, ser demasiado poca cosa, ser insignificante
H7043#8	1b3) ser tenido en poco
H7043#9	1c) (Piel)
H7043#10	1c1) hacer despreciable
H7043#11	1c2) maldecir
H7043#12	1d) (Pual) ser maldecido
H7043#13	1e) (Hiphil)
H7043#14	1e1) aligerar, aliviar
H7043#15	1e2) tratar con desprecio, acarrear desprecio o deshonra
H7043#16	1f) (Pilpel)
H7043#17	1f1) sacudir
H7043#18	1f2) afilar
H7043#19	1g) (Hithpalpel) sacudirse, ser movido de un lado a otro
H7044#0	1) bruñido, pulido
H7045#0	1) maldición, vilipendio, execración
H7046#0	1) burlarse, mofarse
H7046#1	1a) (Piel) mofarse de
H7046#2	1b) (Hithpael) burlarse, escarnecer, hacer burla de
H7047#0	1) escarnio, ridículo
H7048#0	1) burla, escarnio
H7049#0	1) lanzar con honda, arrojar
H7049#1	1a) (Qal)
H7049#2	1a1) lanzar con honda
H7049#3	1a2) hondero (participio)
H7049#4	1b) (Piel) lanzar con honda
H7049#5	2) (Qal) tallar
H7050#0	1) honda, piedras de honda
H7050#1	2) cortina, colgadura, tapiz
H7051#0	1) hondero
H7052#0	1) despreciable, sin valor
H7053#0	1) horquillas, horca de tres dientes, aguijada
H7053#1	1a) significado dudoso
H7054#0	1) mies en pie
H7055#0	Kemuel = «levantado por Dios»
H7055#1	1) hijo de Nacor y Milca, y padre de Aram
H7055#2	2) hijo de Siftán, príncipe de la tribu de Efraín, y uno de los 12 hombres escogidos para repartir la tierra prometida entre las tribus
H7055#3	3) levita, padre de Hasabías, príncipe de la tribu en tiempos de David
H7056#0	Camon = «levantado»
H7056#1	1) lugar en Galaad donde fue sepultado el juez Jair
H7057#0	1) cardos u ortigas, planta espinosa o inútil
H7058#0	1) harina, harina de grano
H7059#0	1) arrebatar
H7059#1	1a) (Qal) arrebatar
H7059#2	1b) (Pual) ser arrebatado prematuramente
H7060#0	1) estar podrido, estar marchito
H7060#1	1a) (Qal) pudrirse, marchitarse
H7061#0	1) (Qal) asir, encerrar con la mano, tomar un puñado
H7062#0	1) mano cerrada, puño, puñado
H7063#0	1) cardos u ortigas, planta espinosa o inútil
H7064#0	1) nido
H7064#1	1a) nido (de ave)
H7064#2	1b) celdas (como nidos en el arca de Noé)
H7065#0	1) envidiar, tener celos, ser envidioso, ser celoso
H7065#1	1a) (Piel)
H7065#2	1a1) tener celos de
H7065#3	1a2) tener envidia de
H7065#4	1a3) ser celoso por
H7065#5	1a4) provocar a ira celosa
H7065#6	1b) (Hiphil) provocar a ira celosa, causar celos
H7066#0	1) (P'al) adquirir, comprar
H7067#0	1) celoso (solo de Dios)
H7068#0	1) ardor, celo, celos
H7068#1	1a) ardor, celos, disposición celosa (del marido)
H7068#2	1a1) pasión sexual
H7068#3	1b) ardor del celo (celo religioso)
H7068#4	1b1) de los hombres por Dios
H7068#5	1b2) de los hombres por la casa de Dios
H7068#6	1b3) de Dios por su pueblo
H7068#7	1c) ardor de la ira
H7068#8	1c1) de los hombres contra los adversarios
H7068#9	1c2) de Dios contra los hombres
H7068#10	1d) envidia (del hombre)
H7068#11	1e) celos (que resultan en la ira de Dios)
H7069#0	1) obtener, adquirir, crear, comprar, poseer
H7069#1	1a) (Qal)
H7069#2	1a1) obtener, adquirir, conseguir
H7069#3	1a1a) de Dios que origina, crea, redime a su pueblo
H7069#4	1a1a1) poseedor
H7069#5	1a1b) de Eva, que adquiere
H7069#6	1a1c) de adquirir conocimiento, sabiduría
H7069#7	1a2) comprar
H7069#8	1b) (Niphal) ser comprado
H7069#9	1c) (Hiphil) hacer poseer
H7070#0	1) caña, tallo, hueso, balanza
H7070#1	1a) tallo
H7070#2	1b) planta acuática, caña
H7070#3	1c) cálamo (caña aromática)
H7070#4	1d) significados derivados
H7070#5	1d1) caña de medir
H7070#6	1d2) caña (como unidad de medida, 6 codos)
H7070#7	1d3) astil (de la balanza, por la balanza misma)
H7070#8	1d4) caña (del candelero)
H7070#9	1d5) brazos (del candelero)
H7070#10	1d6) articulación del hombro
H7071#0	Kanah = «caña»
H7071#1	1) arroyo que desemboca en el mar Mediterráneo y que marcaba la frontera entre Efraín al sur y Manasés al norte
H7071#2	2) ciudad que marcaba la frontera de Aser
H7072#0	1) celoso
H7073#0	Kenaz = «cazador»
H7073#1	1) hijo de Elifaz y nieto de Esaú; uno de los jefes de Edom
H7073#2	2) hermano de Caleb y padre de Otoniel
H7074#0	Cenezeo o cenezeos = «descendiente de Kenaz»
H7074#1	1) descendientes de Cenaz
H7075#0	1) cosa adquirida, adquisición, posesión, propiedad comprada, riqueza
H7075#1	1a) cosa adquirida (por compra)
H7075#2	1b) criaturas (más general)
H7076#0	1) canela
H7076#1	1a) corteza aromática usada como especia
H7077#0	1) hacer nido
H7077#1	1a) (Piel) hacer nido
H7077#2	1b) (Pual) estar anidado
H7078#0	1) lazo, red
H7078#1	1a) significado dudoso
H7079#0	Kenath = «posesión»
H7079#1	1) ciudad en Galaad al este del Jordán, tomada por un tal Noba y rebautizada en su propio honor
H7080#0	1) (Qal) practicar la adivinación, adivinar
H7080#1	1a) de los adivinos de las naciones, Balaam
H7080#2	1b) de los falsos profetas de Israel
H7080#3	1c) prohibido
H7081#0	1) adivinación, hechicería
H7081#1	1a) de las naciones, Balaam
H7081#2	1b) de los falsos profetas
H7081#3	1c) en buen sentido (los labios del rey como oráculos)
H7082#0	1) (Poel) despojar, cortar
H7083#0	1) recipiente (para tinta), tintero
H7084#0	Keilah = «fortaleza»
H7084#1	1) ciudad en las tierras bajas de Judá al noroeste de Hebrón
H7085#0	1) incisión, impresión, tatuaje, marca
H7086#0	1) plato, fuente
H7087#0	verbo
H7087#1	1) espesar, condensar, cuajar, asentarse, volverse denso
H7087#2	1a) (Qal) ser condensado
H7087#3	1a1) que se espesa (participio)
H7087#4	1b) (Hiphil) hacer cuajar
H7087#5	sustantivo masculino
H7087#6	2) congelación
H7088#0	1) (Piel) juntar, enrollar, cosechar
H7089#0	1) estremecimiento, angustia
H7090#0	1) puerco espín, erizo
H7090#1	1a) animal que se encoge
H7091#0	1) serpiente flecha, lechuza
H7091#1	1a) significado dudoso
H7092#0	1) juntar, cerrar, encerrar, tapar
H7092#1	1a) (Qal) cerrar
H7092#2	1b) (Niphal)
H7092#3	1b1) recogerse (de la muerte)
H7092#4	1b2) ser encerrado para muerte
H7092#5	1c) (Piel) que salta, que brinca (participio)
H7093#0	1) fin
H7093#1	1a) fin, al cabo de (de tiempo)
H7093#2	1b) extremo (de espacio)
H7094#0	1) (Qal) cortar, trasquilar
H7095#0	1) corte, forma, extremidad, figura, base
H7095#1	1a) corte, forma
H7095#2	1b) extremidad
H7096#0	1) cortar
H7096#1	1a) (Qal) cortar
H7096#2	1b) (Piel) cortar
H7096#3	1c) (Hiphil) raspar, raer
H7097#0	1) fin, extremidad
H7097#1	1a) fin, boca, extremidad
H7097#2	1b) borde, afueras
H7097#3	1c) el todo (término condensado para lo comprendido entre los extremos)
H7097#4	1d) al cabo de (cierto tiempo)
H7098#0	1) fin, extremidad
H7098#1	1a) fin
H7098#2	1b) de entre todos, de entre (de lo comprendido entre los extremos)
H7099#0	1) fin, borde, límite
H7100#0	1) neguilla, comino negro
H7100#1	1a) planta de semillas pequeñas, negras y acres, usadas como condimento
H7101#0	1) jefe, gobernante, comandante
H7101#1	1a) jefe, comandante (en la guerra)
H7101#2	1b) dictador
H7101#3	1c) gobernante (de alguien con autoridad)
H7102#0	1) casia
H7102#1	1a) una especia; corteza en polvo semejante a la canela
H7103#0	Kezia = «casia»
H7103#1	1) la 2.ª de las hijas que le nacieron a Job después de su prueba
H7104#0	Keziz = «cortado»
H7104#1	1) ciudad en Benjamín, en la frontera oriental de la tribu
H7105#0	1) siega, cosecha
H7105#1	1a) proceso de la siega
H7105#2	1b) mies, lo que se cosecha o siega
H7105#3	1c) tiempo de la siega
H7105#4	2) ramas, ramaje
H7106#0	1) raspar, raer, cortar
H7106#1	1a) (Hiphil) raspar
H7106#2	2) tener esquinas, estar puesto en las esquinas
H7106#3	2a) (Hophal) cortar lugares, hacer esquinas
H7107#0	1) desagradarse, enojarse, irritarse, airarse
H7107#1	1a) (Qal) airarse, estar lleno de ira, estar furioso
H7107#2	1b) (Hiphil) provocar a ira o enojo
H7107#3	1c) (Hithpael) enfurecerse, airarse
H7108#0	1) (P'al) estar o ponerse enojado, airarse
H7109#0	1) ira (de Dios), enojo
H7110#0	1) ira, enojo
H7110#1	1a) de Dios
H7110#2	1b) del hombre
H7110#3	2) astilla, ramita, ramita quebrada
H7110#4	2a) significado dudoso
H7111#0	1) quebrantamiento o astillamiento, algo fragmentado o astillado
H7112#0	1) cortar
H7112#1	1a) (Qal) cortar
H7112#2	1b) (Piel) cortar o tajar, partir en dos, despedazar
H7112#3	1c) (Pual) ser cortado o tajado
H7113#0	1) (Pael) cortar
H7114#0	1) ser corto, estar impaciente, estar irritado, estar afligido
H7114#1	1a) (Qal) ser corto
H7114#2	1b) (Piel) acortar
H7114#3	1c) (Hiphil) acortar
H7114#4	2) segar, cosechar
H7114#5	2a) (Qal) segar, cosechar
H7114#6	2b) (Hiphil) segar, cosechar
H7115#0	1) brevedad, impaciencia, angustia
H7116#0	1) corto, impaciente
H7116#1	1a) en tamaño, número, vida, fuerza, etc.
H7117#0	1) fin, parte
H7117#1	1a) fin
H7117#2	1a1) de las esquinas, de la tierra
H7117#3	1b) desde el fin de
H7117#4	1c) al fin de
H7118#0	1) fin, parte
H7119#0	1) fresco
H7119#1	1a) fresco, sereno, dueño de sí (de espíritu)
H7120#0	1) frío
H7121#0	1) llamar, gritar, recitar, leer, clamar, proclamar
H7121#1	1a) (Qal)
H7121#2	1a1) llamar, gritar, emitir un sonido fuerte
H7121#3	1a2) clamar a, gritar (pidiendo auxilio), invocar (con el nombre de Dios)
H7121#4	1a3) proclamar
H7121#5	1a4) leer en voz alta, leer (para sí), leer
H7121#6	1a5) convocar, invitar, llamar a, llamar y comisionar, nombrar, llamar y dotar
H7121#7	1a6) llamar, nombrar, dar nombre a, llamar por
H7121#8	1b) (Niphal)
H7121#9	1b1) llamarse
H7121#10	1b2) ser llamado, ser proclamado, ser leído en voz alta, ser convocado, ser nombrado
H7121#11	1c) (Pual) ser llamado, ser nombrado, ser convocado, ser escogido
H7122#0	1) encontrarse con, sobrevenir, salir al encuentro
H7122#1	1a) (Qal)
H7122#2	1a1) salir al encuentro, encontrarse con
H7122#3	1a2) sobrevenir (fig.)
H7122#4	1b) (Niphal) encontrarse, encontrarse inesperadamente
H7122#5	1c) (Hiphil) hacer encontrarse
H7123#0	1) llamar, leer en voz alta, dar lectura, gritar
H7123#1	1a) (P'al)
H7123#2	1a1) llamar, proclamar
H7123#3	1a2) leer en voz alta, dar lectura
H7123#4	1b)(Ithp'el) ser convocado, ser llamado
H7124#0	1) perdiz
H7125#0	sustantivo masculino
H7125#1	1) (BDB) encontrarse con, sobrevenir, salir al encuentro
H7125#2	1a) (Qal)
H7125#3	1a1) salir al encuentro, encontrarse con
H7125#4	1a2) sobrevenir (fig.)
H7126#0	1) acercarse, aproximarse, entrar en, llegarse
H7126#1	1a) (Qal) aproximarse, acercarse
H7126#2	1b) (Niphal) ser acercado
H7126#3	1c) (Piel) hacer aproximarse, acercar, hacer acercarse
H7126#4	1d) (Hiphil) acercar, traer, presentar
H7127#0	1) aproximarse, acercarse
H7127#1	1a) (P'al) aproximarse
H7127#2	1b) (Pael) ofrecer, acercarse
H7127#3	1c) (Aphel) ser convocado
H7128#0	1) batalla, guerra
H7129#0	1) guerra
H7130#0	1) medio, entre, parte interior, centro
H7130#1	1a) parte interior
H7130#2	1a1) en sentido físico
H7130#3	1a2) como sede del pensamiento y la emoción
H7130#4	1a3) como facultad del pensamiento y la emoción
H7130#5	1b) en medio, entre, de entre (de un número de personas)
H7130#6	1c) entrañas (de animales para sacrificio)
H7131#0	1) cercano, que se acerca
H7132#0	1) acercamiento, aproximación
H7133#0	1) ofrenda, oblación
H7134#0	1) hacha
H7135#0	1) frío
H7136#0	1) encontrarse con, salir al encuentro, sobrevenir, acontecer, venir al encuentro
H7136#1	1a) (Qal)
H7136#2	1a1) encontrarse con, salir al encuentro
H7136#3	1a2) sobrevenir
H7136#4	1b) (Niphal)
H7136#5	1b1) encontrarse con, salir al encuentro (sin acuerdo previo)
H7136#6	1b2) hallarse presente por casualidad
H7136#7	1b3) venir al encuentro
H7136#8	1c) (Hiphil) hacer encontrarse, designar
H7136#9	2) construir con vigas
H7136#10	2a) (Piel) poner las vigas de, proveer de vigas
H7137#0	1) casualidad, accidente
H7137#1	1a) de la polución nocturna que requería salir temporalmente del campamento
H7138#0	1) cercano
H7138#1	1a) de lugar
H7138#2	1b) de tiempo
H7138#3	1c) de relación personal
H7138#4	1c1) parentesco
H7139#0	1) estar calvo, raparse
H7139#1	1a) (Qal) rapar, hacer calva
H7139#2	1b) (Niphal) raparse
H7139#3	1c) (Hiphil) raparse
H7139#4	1d)(Hophal) rapar
H7140#0	1) escarcha, hielo, cristal de hielo
H7140#1	1a) escarcha (de la noche)
H7140#2	1b) hielo
H7141#0	Coré = «calvo»
H7141#1	1) hijo de Izhar, nieto de Coat, bisnieto de Leví y cabecilla de la rebelión de los israelitas contra Moisés y Aarón en el desierto; castigado, murió por un terremoto y llamas de fuego
H7141#2	2) el 3.er hijo de Esaú y Aholibama, y uno de los jefes de Edom
H7141#3	3) hijo de Elifaz y Ada, jefe de Edom, y sobrino de 1
H7141#4	4) uno de los 'hijos' de Hebrón
H7142#0	1) calvo
H7143#0	Kareah = «calvo»
H7143#1	1) padre de Johanán y Jonatán, que apoyaron la autoridad de Gedalías y vengaron su asesinato
H7144#0	1) calvicie, calvo
H7145#0	Coreíta = «uno de Coré»
H7145#1	1) descendientes de Coré, hijo de Leví
H7146#0	1) calva de la cabeza, calva posterior, calva
H7147#0	1) oposición, contrariedad, encuentro, encuentro contrario u hostil
H7148#0	1) llamado, convocado, el llamado
H7149#0	1) ciudad
H7150#0	1) proclamación, predicación
H7151#0	1) ciudad, pueblo
H7151#1	1a) en general
H7151#2	1b) en particular
H7151#3	1c) colectivo
H7151#4	1d) indefinido
H7152#0	Kerioth = «ciudades»
H7152#1	1) ciudad en el distrito sur de Judá
H7152#2	2) ciudad en Moab
H7153#0	Kirjath-arba = «ciudad de Arba»
H7153#1	1) nombre antiguo de la ciudad que tras la conquista se llamó 'Hebrón'
H7154#0	Kirjath-baal = «ciudad de Baal»
H7154#1	1) ciudad en la frontera norte de Judá y en las fronteras occidental y sur de Benjamín
H7154#2	1a) también 'Kirjath-jearim' y 'Baalah'
H7155#0	Kirjath-huzoth = «ciudad de calles»
H7155#1	1) ciudad en Moab
H7156#0	Kiriathaim = «dos ciudades»
H7156#1	1) ciudad al este del Jordán en Moab
H7156#2	2) ciudad en Neftalí asignada a los levitas gersonitas
H7157#0	Kirjath-jearim = «ciudad de bosques»
H7157#1	1) ciudad en la frontera norte de Judá y en las fronteras occidental y sur de Benjamín
H7157#2	1a) también 'Kirjath-baal' y 'Baalah'
H7158#0	Kirjath-sepher o Kirjath-sannah = «ciudad del libro»
H7158#1	1) ciudad en las montañas de Judá al oeste de Hebrón
H7159#0	1) extender o poner algo encima, cubrir, extender sobre
H7159#1	1a) (Qal) ser extendido sobre
H7160#0	1) brillar
H7160#1	1a) (Qal) despedir rayos
H7160#2	1b) (Hiphil) mostrar o echar cuernos, tener cuernos
H7161#0	sustantivo femenino
H7161#1	1) cuerno
H7161#2	1a) cuerno
H7161#3	1b) de fuerza (fig.)
H7161#4	1c) frasco (recipiente para aceite)
H7161#5	1d) cuerno (como instrumento musical)
H7161#6	1e) cuerno (de las salientes en forma de cuerno del altar)
H7161#7	1f) de rayos de luz
H7161#8	1g) colina
H7161#9	nombre propio de lugar
H7161#10	2) (BDB) lugar conquistado por Israel, probablemente en Basán
H7162#0	1) cuerno
H7162#1	1a) como instrumento musical
H7162#2	1b) simbólico (en visiones)
H7162#3	1c) de un animal
H7163#0	Keren-happuch = «cuerno de antimonio»
H7163#1	1) una de las hijas de Job nacidas después de su prueba
H7164#0	1) (Qal) inclinarse, encorvarse, agacharse
H7165#0	1) garfio
H7166#0	1) tobillo
H7167#0	1) rasgar, despedazar
H7167#1	1a) (Qal)
H7167#2	1a1) rasgar, desgarrar
H7167#3	1a2) arrancar
H7167#4	1a3) rasgar, partir en dos
H7167#5	1a3a) agrandar o abrir (los ojos)
H7167#6	1a3b) rasgar (los cielos)
H7167#7	1a4) desgarrar, despedazar (de las fieras)
H7167#8	1b) (Niphal) ser rasgado, ser partido en dos
H7168#0	1) harapo, pedazos rasgados de vestido o tela
H7169#0	1) estrechar, formar, pellizcar, apretar, guiñar, fruncir
H7169#1	1a) (Qal) pellizcar
H7169#2	1b) (Pual) ser cortado o pellizcado, ser formado
H7170#0	1) pedazo
H7170#1	1a) denunciar, calumniar, acusar maliciosamente, morder (modismo)
H7171#0	1) que pica, mordedor, aguijón
H7171#1	1a) insecto que muerde o pica, tábano
H7172#0	1) suelo, fondo
H7173#0	Karkaa = «suelo»
H7173#1	1) hito en la frontera sur de Judá
H7173#2	1a) sitio desconocido
H7174#0	Karkor = «fundamento»
H7174#1	1) lugar al este del Jordán en Galaad donde Zeba y Zalmuna fueron de nuevo derrotados por Gedeón
H7175#0	1) tabla, tablas, tablón
H7175#1	1a) tabla
H7175#2	1b) tablas
H7176#0	1) ciudad, pueblo
H7177#0	Kartah = «ciudad»
H7177#1	1) ciudad en Zabulón asignada a los levitas meraritas
H7178#0	Kartan = «dos ciudades»
H7178#1	1) ciudad en Neftalí asignada a los levitas gersonitas
H7178#2	1a) también 'Kirjathaim'
H7179#0	1) rastrojo, paja
H7180#0	1) pepino
H7181#0	1) oír, estar atento, hacer caso, inclinar (el oído), atender (con el oído), escuchar, prestar atención
H7181#1	1a) (Qal) inclinar, atender (con el oído), escuchar, prestar atención
H7181#2	1b) (Hiphil) prestar atención, poner atención
H7182#0	1) atención
H7183#0	1) atento
H7184#0	1) especie de cántaro, jarra
H7185#0	1) ser duro, ser severo, ser feroz, ser áspero
H7185#1	1a) (Qal)
H7185#2	1a1) ser duro, ser difícil
H7185#3	1a2) ser duro, ser severo
H7185#4	1b) (Niphal)
H7185#5	1b1) ser maltratado
H7185#6	1b2) estar en apuros
H7185#7	1c) (Piel) tener un parto difícil (de mujeres)
H7185#8	1d) (Hiphil)
H7185#9	1d1) hacer difícil, poner dificultad
H7185#10	1d2) hacer severo, hacer gravoso
H7185#11	1d3) endurecer, hacer rígido, hacer obstinado
H7185#12	1d3a) de la obstinación (fig.)
H7185#13	1d4) mostrarse obstinado
H7186#0	1) duro, cruel, severo, obstinado
H7186#1	1a) duro, difícil
H7186#2	1b) severo
H7186#3	1c) feroz, intenso, vehemente
H7186#4	1d) obstinado, duro de cerviz
H7186#5	1e) riguroso (de la batalla)
H7187#0	1) verdad
H7188#0	1) endurecer, tratar duramente, tratar con severidad
H7188#1	1a) (Hiphil)
H7188#2	1a1) endurecer, hacer obstinado
H7188#3	1a2) tratar duramente, tratar con aspereza
H7189#0	1) arco
H7189#1	2) verdad, veracidad equilibrada
H7190#0	1) obstinación, terquedad
H7191#0	Kishion = «duro»
H7191#1	1) ciudad en la frontera de Isacar asignada a los levitas gersonitas
H7192#0	1) unidad de valor desconocido
H7192#1	1a) quizá peso, dinero
H7193#0	1) escama (de peces, animales acuáticos)
H7194#0	1) atar, amarrar, atar juntamente, aliarse, conspirar
H7194#1	1a) (Qal)
H7194#2	1a1) atar, confinar
H7194#3	1a2) aliarse, conspirar
H7194#4	1b) (Niphal) ser atado, quedar ligado
H7194#5	1c) (Piel)
H7194#6	1c1) atar sobre
H7194#7	1c2) atar firmemente
H7194#8	1c3) atar, amarrar
H7194#9	1c4) atarse a sí
H7194#10	1d) (Pual) robusto, vigoroso (participio)
H7194#11	1e) (Hithpael) conspirar
H7195#0	1) conspiración, traición, alianza (ilícita)
H7196#0	1) cintas, fajas, cintas para la cabeza
H7196#1	1a) adornos que se atan
H7197#0	1) juntar, reunir, recoger, recoger rastrojo o leña
H7197#1	1a) (Qal) reunir
H7197#2	1b) (Poel) recoger rastrojo
H7197#3	1c) (Hithpoel) reunirse
H7198#0	1) arco
H7198#1	1a) arco (para la caza, la batalla)
H7198#2	1b) flecheros, arqueros
H7198#3	1c) arco (fig. de poder)
H7198#4	1d) arco iris
H7199#0	1) flechero, arquero
H7200#0	1) ver, mirar, inspeccionar, percibir, considerar
H7200#1	1a) (Qal)
H7200#2	1a1) ver
H7200#3	1a2) ver, percibir
H7200#4	1a3) ver, tener visiones
H7200#5	1a4) mirar, ver, considerar, cuidar de, velar por, informarse de, observar, vigilar, contemplar, estar atento, averiguar
H7200#6	1a5) ver, observar, considerar, mirar, prestar atención a, discernir, distinguir
H7200#7	1a6) mirar, contemplar fijamente
H7200#8	1b) (Niphal)
H7200#9	1b1) aparecer, presentarse
H7200#10	1b2) ser visto
H7200#11	1b3) ser visible
H7200#12	1c) (Pual) ser visto
H7200#13	1d) (Hiphil)
H7200#14	1d1) hacer ver, mostrar
H7200#15	1d2) hacer mirar atentamente, contemplar, hacer mirar fijamente
H7200#16	1e) (Hophal)
H7200#17	1e1) ser hecho ver, ser mostrado
H7200#18	1e2) ser exhibido a
H7200#19	1f) (Hithpael) mirarse unos a otros, enfrentarse
H7201#0	1) ave de rapiña
H7201#1	1a) quizá milano o halcón
H7202#0	1) (Qal) que ve
H7203#0	1) vidente, profeta
H7203#1	2) visión (profética)
H7204#0	Haroeh = «visión»
H7204#1	1) un hombre de Judá
H7205#0	Rubén = «he aquí un hijo»
H7205#1	1) el hijo mayor de Jacob y Lea
H7205#2	2) la tribu descendiente de Rubén
H7205#3	3) el territorio habitado por la tribu de Rubén
H7206#0	Rubenita = véase Rubén «he aquí un hijo»
H7206#1	1) descendiente de Rubén, hijo de Jacob
H7207#0	1) contemplar
H7208#0	Reumah = «elevada»
H7208#1	1) la concubina de Nacor, hermano de Abraham
H7209#0	1) espejo
H7210#0	1) mirada, apariencia, visión, vista
H7210#1	1a) visión
H7210#2	1b) apariencia
H7210#3	1c) vista, espectáculo
H7211#0	Reaia o Reaiah = «Jehová ha visto»
H7211#1	1) descendiente de Sobal, hijo de Judá
H7211#2	2) rubenita, hijo de Micaía y padre de Baal
H7211#3	3) progenitor de una familia de siervos del templo que volvió del exilio con Zorobabel
H7212#0	1) (Qal) mirar
H7213#0	1) (Qal) levantarse
H7214#0	1) probablemente el gran uro o toros salvajes, hoy extintos. Se desconoce el significado exacto.
H7215#0	1) corales
H7216#0	Ramoth = «alturas»
H7216#1	1) lugar en Galaad; sitio dudoso
H7216#2	2) ciudad levítica en Isacar
H7217#0	1) jefe, cabeza
H7217#1	1a) cabeza (del hombre)
H7217#2	1b) cabeza (como sede de las visiones)
H7217#3	1c) jefe
H7217#4	1d) suma (contenido esencial)
H7218#0	1) cabeza, cumbre, cima, parte superior, jefe, total, suma, altura, frente, principio
H7218#1	1a) cabeza (del hombre, de animales)
H7218#2	1b) cumbre, cima (de un monte)
H7218#3	1c) altura (de las estrellas)
H7218#4	1d) jefe, cabeza (de hombre, ciudad, nación, lugar, familia, sacerdote)
H7218#5	1e) cabeza, frente, principio
H7218#6	1f) principal, lo más escogido, lo mejor
H7218#7	1g) cabeza, división, compañía, banda
H7218#8	1h) suma
H7219#0	1) hiel, veneno, amargo, venenoso
H7220#0	Rosh = «cabeza»
H7220#1	nombre propio masculino
H7220#2	1) hijo de Benjamín
H7221#0	1) tiempo del principio, tiempo temprano
H7222#0	1) cima, lo más alto
H7223#0	adjetivo
H7223#1	1) primero, primario, anterior
H7223#2	1a) anterior (de tiempo)
H7223#3	1a1) antepasados
H7223#4	1a2) cosas anteriores
H7223#5	1b) delantero (de lugar)
H7223#6	1c) primero (en el tiempo)
H7223#7	1d) primero, principal (en grado)
H7223#8	adverbio
H7223#9	2) primero, antes, anteriormente, al principio
H7224#0	1) primero
H7225#0	1) primero, principio, lo mejor, principal
H7225#1	1a) principio
H7225#2	1b) primero
H7225#3	1c) principal
H7225#4	1d) parte escogida
H7226#0	1) cabecera, lugar a la cabeza
H7227#0	adjetivo
H7227#1	1) mucho, muchos, grande
H7227#2	1a) mucho
H7227#3	1b) muchos
H7227#4	1c) abundante en
H7227#5	1d) más numeroso que
H7227#6	1e) abundante, suficiente
H7227#7	1f) grande
H7227#8	1g) fuerte
H7227#9	1h) mayor que
H7227#10	adverbio
H7227#11	1i) mucho, sobremanera
H7227#12	sustantivo masculino
H7227#13	2) capitán, jefe
H7228#0	1) arquero
H7229#0	adjetivo
H7229#1	1) grande
H7229#2	1a) grande
H7229#3	1b) grande (fig. de poder)
H7229#4	sustantivo
H7229#5	2) capitán, jefe
H7230#0	1) multitud, abundancia, grandeza
H7230#1	1a) multitud
H7230#2	1a1) abundancia, abundantemente
H7230#3	1a2) numeroso
H7230#4	1b) grandeza
H7231#0	1) ser o llegar a ser muchos, ser o llegar a ser mucho, ser o llegar a ser grande
H7231#1	1a)(Qal)
H7231#2	1a1) ser o llegar a ser muchos
H7231#3	1a2) ser o llegar a ser grande
H7231#4	1a3) ser largo (de un viaje)
H7231#5	2) (Pual) decenas de millares
H7232#0	1) (Qal) disparar
H7233#0	1) multitud, miríada, diez mil
H7234#0	1) (Qal) extender, cubrir, adornar
H7235#0	1) ser o llegar a ser grande, ser o llegar a ser muchos, ser o llegar a ser mucho, ser o llegar a ser numeroso
H7235#1	1a) (Qal)
H7235#2	1a1) llegar a ser muchos, llegar a ser numerosos, multiplicarse (de personas, animales, cosas)
H7235#3	1a2) ser o hacerse grande
H7235#4	1b) (Piel) agrandar, ensanchar, aumentar, llegar a ser muchos
H7235#5	1c) (Hiphil)
H7235#6	1c1) hacer mucho, hacer muchos, tener muchos
H7235#7	1c1a) multiplicar, aumentar
H7235#8	1c1b) hacer mucho, obrar mucho respecto de, transgredir en gran manera
H7235#9	1c1c) aumentar grandemente o sobremanera
H7235#10	1c2) engrandecer, ensanchar, hacer mucho
H7235#11	2) (Qal) disparar
H7236#0	1) hacerse grande
H7236#1	1a) (P'al) crecer en longitud, crecer alto y grande, hacerse grande, aumentar
H7236#2	1b) (Pael) engrandecer
H7237#0	Rabbath = «grande»
H7237#1	1) la ciudad capital de los amonitas, situada al este del Jordán
H7237#2	2) una ciudad de Judá; ubicación incierta
H7238#0	1) grandeza
H7239#0	1) diez mil, miríada
H7240#0	1) miríada, diez mil veces diez mil
H7241#0	1) lluvias copiosas, aguaceros
H7241#1	1a) como portadoras de fertilidad
H7241#2	1b) de influencia profética (fig.)
H7242#0	1) cadena (adorno para el cuello, collar)
H7243#0	1) cuarto
H7243#1	1a) cuarto
H7243#2	1b) cuadrado
H7243#3	1c) cuarta parte
H7244#0	1) cuarto
H7245#0	Rabbith = «multitud»
H7245#1	1) una ciudad de Isacar
H7246#0	1) mezclar, revolver
H7246#1	1a) (Hophal) ser mezclado
H7247#0	Riblah = «fertilidad»
H7247#1	1) un lugar en el límite oriental de Israel
H7247#2	2) una ciudad en la tierra de Hamat, en el gran camino entre Babilonia y Palestina
H7248#0	1) adivino, mago, jefe de los adivinos
H7248#1	1a) Rab-mag, jefe de los adivinos, o jefe de los príncipes, un funcionario de Babilonia
H7249#0	1) jefe de los eunucos
H7249#1	1a) Rab-saris, jefe de los eunucos, un alto funcionario babilonio
H7250#0	1) estar tendido, echarse
H7250#1	1a) (Qal)
H7250#2	1a1) echarse
H7250#3	1a1a) para reposar
H7250#4	1a1b) para la cópula (de mujer con bestia)
H7250#5	1b) (Hiphil) hacer echarse (en la cría de ganado)
H7251#0	1) cuadrar, ser cuadrado
H7251#1	1a) (Qal) cuadrado (participio)
H7251#2	1b) (Pual) cuadrado (participio)
H7252#0	1) echarse, estar tendido
H7252#1	1a) (Qal) echarse (infinitivo)
H7253#0	1) cuarta parte, cuatro lados
H7253#1	1a) cuarta parte
H7253#2	1b) cuatro lados
H7254#0	Reba = «cuatro»
H7254#1	1) uno de los 5 reyes de Madián muertos por los israelitas cuando cayó Balaam
H7255#0	1) cuarta parte
H7256#0	1) perteneciente a la cuarta (generación)
H7257#0	1) tenderse, echarse, estar tendido
H7257#1	1a) (Qal) echarse, yacer
H7257#2	1b)(Hiphil) hacer echarse
H7257#3	1b1) asentar (piedras)
H7258#0	1) lugar de descanso o morada, lugar donde echarse
H7259#0	Rebeca = «la que enlaza»
H7259#1	1) hija de Betuel, hermana de Labán, esposa de Isaac y madre de Esaú y Jacob
H7260#0	adjetivo
H7260#1	1) grande
H7260#2	1a) grande
H7260#3	1b) grande (fig. de poder)
H7260#4	sustantivo
H7260#5	2) capitán, jefe
H7261#0	1) señor, noble
H7262#0	1) jefe de los coperos, ¿jefe de los oficiales?
H7262#1	1a) Rabsaces
H7263#0	1) terrón (de tierra)
H7264#0	1) temblar, estremecerse, airarse, agitarse, estar agitado, estar excitado, estar turbado
H7264#1	1a)(Qal) estremecerse, estar inquieto, estar excitado, estar turbado
H7264#2	1b) (Hiphil) hacer estremecer, inquietar, enfurecer, perturbar
H7264#3	1c) (Hithpael) excitarse
H7265#0	1) (Aphel) enfurecerse, enfurecer
H7266#0	1) ira
H7267#0	1) agitación, excitación, furor, turbación, tumulto, temblor
H7267#1	1a) tumulto, inquietud, furor
H7267#2	1b) temblor, sobresalto
H7268#0	1) temblor, estremecimiento, sacudida
H7269#0	1) temblor, estremecimiento, sacudida
H7270#0	1) ir a pie, espiar, andar, recorrer, caminar, mover los pies
H7270#1	1a) (Qal) ser chismoso, calumniar, andar de aquí para allá
H7270#2	1b) (Piel)
H7270#3	1b1) calumniar
H7270#4	1b2) recorrer como explorador, espiar
H7270#5	1c) (Tiphel) enseñar a andar
H7271#0	1) pie
H7272#0	1) pie
H7272#1	1a) pie, pierna
H7272#2	1b) de Dios (antropomórfico)
H7272#3	1c) de serafines, querubines, ídolos, animales, mesa
H7272#4	1d) según el paso de (con preposición)
H7272#5	1e) tres veces (pies, pasos)
H7273#0	1) a pie
H7273#1	1a) hombre a pie, peón, soldado de infantería
H7274#0	Rogelim = «lugar de bataneros»
H7274#1	1) un lugar en las tierras altas al este del Jordán
H7275#0	1) apedrear, matar a pedradas
H7275#1	1a) (Qal) apedrear
H7276#0	Regem = «amigo»
H7276#1	1) hijo de Jahdai y descendiente de Caleb
H7277#0	1) montón (de piedras)
H7277#1	1a) de una multitud (fig.)
H7278#0	Regem-melech = «montón del rey»
H7278#1	1) un hombre enviado por algunos de la cautividad para consultar en el templo acerca del ayuno
H7279#0	1) murmurar, susurrar
H7279#1	1a) (Qal) murmurador (participio)
H7279#2	1b) (Niphal)
H7279#3	1b1) murmurar
H7279#4	1b2) detractor (participio)
H7280#0	1) actuar en un instante, agitar, perturbar
H7280#1	1a) (Qal) agitar, perturbar
H7280#2	1b) (Hiphil) hacer en un abrir y cerrar de ojos
H7280#3	2) descansar o reposar, estar en descanso o reposo, asentarse, aquietar, dar descanso
H7280#4	2a) (Niphal)
H7280#5	2a1) hacer descansar (de la espada, del mar)
H7280#6	2a2) guiñar (con preposición)
H7280#7	2b) (Hiphil)
H7280#8	2b1) dar descanso a
H7280#9	2b2) descansar, reposar
H7280#10	3) endurecer
H7281#0	sustantivo masculino
H7281#1	1) un momento
H7281#2	adverbio
H7281#3	2) por un momento, en un momento...en otro momento
H7281#4	con preposición
H7281#5	3) en un momento
H7282#0	1) tranquilo, quieto
H7283#0	1) (Qal) estar en tumulto o conmoción
H7283#1	2) (TWOT) conspirar, tramar
H7284#0	1) estar en tumulto
H7284#1	1a) (Aphel) reunirse en multitud tumultuosa, mostrar alboroto, venir en tropel
H7285#0	sustantivo masculino
H7285#1	1) multitud, en compañía
H7285#2	sustantivo femenino
H7285#3	2) multitud
H7285#4	3) (TWOT) maquinación
H7286#0	1) abatir, batir, someter
H7286#1	1a) (Qal) abatir (fig.)
H7286#2	1b) (Hiphil) batir
H7287#0	1) gobernar, tener dominio, dominar, hollar
H7287#1	1a) (Qal) tener dominio, gobernar, subyugar
H7287#2	1b) (Hiphil) hacer dominar
H7287#3	2) raspar, sacar raspando
H7287#4	2a) (Qal) raspar, sacar raspando
H7288#0	Raddai = «el que pisotea»
H7288#1	1) el 5.º hijo de Isaí y hermano de David
H7289#0	1) algo extendido, manto amplio o velo grande
H7290#0	1) (Niphal) estar dormido, estar inconsciente, estar en sueño profundo, caer en sueño profundo, dormir profundamente
H7291#0	1) estar detrás, ir tras, perseguir, acosar, correr tras
H7291#1	1a) (Qal)
H7291#2	1a1) perseguir, poner en fuga, dar caza, seguir de cerca, ir pegado a
H7291#3	1a2) perseguir, hostigar (fig.)
H7291#4	1a3) ir tras, procurar alcanzar (fig.)
H7291#5	1a4) correr tras (un soborno) (fig.)
H7291#6	1b) (Niphal)
H7291#7	1b1) ser perseguido
H7291#8	1b2) perseguido (participio)
H7291#9	1c) (Piel) perseguir con ardor, procurar con afán alcanzar, perseguir
H7291#10	1d) (Pual) ser perseguido, ser ahuyentado
H7291#11	1e) (Hiphil) perseguir, dar caza
H7292#0	1) comportarse con soberbia, actuar con violencia, alboroto o arrogancia
H7292#1	1a) (Qal) actuar con insolencia, arremeter contra, acosar, importunar
H7292#2	1b) (Hiphil) perturbar, alarmar, intimidar, confundir, hacer osado o soberbio
H7293#0	1) soberbia, fanfarrón
H7293#1	1a) tempestad, arrogancia (pero solo como nombres)
H7293#2	1a1) monstruo marino mítico
H7293#3	1a2) nombre emblemático de Egipto
H7294#0	Rahab = «anchura»
H7294#1	1) tempestad, arrogancia (pero solo como nombres)
H7294#2	1a) monstruo marino mítico
H7294#3	1b) nombre emblemático de Egipto
H7295#0	1) soberbio, desafiante
H7296#0	1) arrogancia, soberbia, objeto de orgullo
H7297#0	1) (Qal) temer
H7297#1	1a) significado dudoso
H7298#0	1) abrevadero, hueco
H7298#1	2) mechón de cabello
H7298#2	2a) significado dudoso
H7299#0	1) apariencia
H7300#0	1) vagar sin descanso, errar
H7300#1	1a) (Qal) errar
H7300#2	1b) (Hiphil) estar inquieto, mostrar inquietud
H7301#0	1) estar saciado o empapado, saciarse o beber hasta hartarse
H7301#1	1a) (Qal) saciarse
H7301#2	1b) (Piel)
H7301#3	1b1) estar embriagado, estar ebrio
H7301#4	1b2) empapar, regar abundantemente, saturar
H7301#5	1c) (Hiphil) saturar, regar, dar de beber
H7302#0	1) regado, empapado
H7303#0	Rohgah = «clamor»
H7303#1	1) un aserita de los hijos de Semer
H7304#0	1) ser amplio, ser espacioso, respirar
H7304#1	1a) (Qal) respirar con holgura, sentir alivio
H7304#2	1b) (Pual) espacioso (participio)
