1:1	"pronto" "explicó," "medio" "de"
1:4	"a" "Aquel"
1:5	"que"
1:6	"e" "hizo" "de" "nosotros" "un" "reino" "suyo;" "la" "por" "los" "siglos" "de" "los" "siglos."
1:7	"Ved," "los" "ojos," "aun" "harán" "luto" "por" "Él" "Sí,"
1:8	"Dios," "el"
1:10	"fuerte"
1:11	"vas" "a" "ver"
1:13	"el"
1:15	"a" "bronce" "bruñido" "rojo" "vivo"
1:16	"toda"
1:18	"viviente;" "estuve" "ahora" "los" "y" "abismo."
1:19	"lo"
2:1	"“Esto"
2:2	"tus" "que"
2:3	"tienes"
2:4	"del" "principio."
2:5	"vengo" "a" "menos" "que"
2:6	"que"
2:7	"le"
2:8	"a" "la" "vida:"
2:9	"Conozco" "llaman"
2:10	"lo" "que" "es" "una"
2:13	"allí" "con" "todo" "ni" "mío" "habita"
2:14	"por" "cuanto" "allí" "a" "quienes" "han" "abrazado"
2:16	"pues;" "que" "si" "no," "vengo"
2:17	"le"
2:18	"“Esto" "el" "son" "a" "bronce" "bruñido:"
2:19	"tu" "amor," "tu" "tu" "beneficencia"
2:20	"que" "toleras" "a" "esa" "ser"
2:21	"mas" "no" "quiere"
2:22	"(los" "arrojo)" "de" "ella."
2:23	"Castigaré" "conforme" "a" "vuestras"
2:24	"ellos,"
2:25	"Solamente," "guardad" "bien" "lo"
2:28	"como" "Yo" "lo" "recibí" "de" "mi" "Padre;" "matutina."
3:1	"“Esto" "por" "viviente," "pero"
3:2	"consolida" "lo" "restante,"
3:4	"algunos" "nombres" "han" "de" "de"
3:5	"así,"
3:7	"cerrará," "que"
3:8	"que" "que" "no" "obstante" "tu" "debilidad,"
3:9	"que"
3:10	"mía,"
3:11	"Pronto" "te" "arrebate" "la"
3:12	"una" "del" "no" "viniendo" "mío"
3:15	"Esto" "dice" "el" "Amén," "el" "testigo" "fiel" "y" "veraz," "el" "principio" "de" "la" "creación" "de" "Dios:"
3:16	"voy" "a"
3:17	"yo" "me" "he" "desdichado"
3:18	"enriquecerte" "te" "cubras" "y"
4:2	"Al" "instante" "me" "hallé" "(allí)"
4:4	"en"
4:6	"a" "ante" "por" "por"
4:7	"con"
4:8	"sin" "cesar," "el" "el"
4:9	"cada" "vez" "que" "los" "por" "los" "siglos" "de" "los" "siglos,"
4:10	"por" "los" "siglos" "de" "los" "siglos;"
4:11	"Tú," "y" "Dios" "nuestro," "la" "el"
5:1	"Aquel" "y"
5:2	"a" "poderoso" "que," "a" "gran" "pregonaba:"
5:4	"fijar" "en" "él" "los" "ojos."
5:5	"ha" "triunfado," "de" "suerte"
5:6	"delante" "misión" "por"
5:8	"seres"
5:9	"“Tú" "compraste" "(hombres)"
5:11	"miradas" "de" "miríadas," "y"
5:12	"es" "recibir" "fuerza,"
5:13	"las" "hay" "oí" "decían:" "imperio" "los" "siglos" "de" "los" "siglos”."
6:1	"siete"
6:2	"lo" "montaba" "se"
6:3	"ser"
6:4	"la" "hacer" "se" "le" "dio"
6:5	"lo" "montaba" "una" "balanza."
6:6	"como" "peso," "tres" "kilos" "no" "los" "toques”."
6:8	"lo" "montaba" "“la" "Hades" "en" "pos" "de" "él;" "se" "y" "y"
6:9	"causa" "de" "la"
6:10	"oh" "Veraz," "tardas" "en" "en"
6:11	"a" "cada" "uno;" "el" "número" "de" "de"
6:12	"entera"
6:13	"deja" "caer" "brevas" "sacudida" "por" "un" "fuerte"
6:14	"e"
6:15	"jefes," "militares"
6:17	"ha" "llegado" "del" "furor" "ellos"
7:1	"y" "alguno."
7:2	"a"
7:4	"que" "fueron"
7:9	"entre" "las" "tribus," "pie" "ante" "el"
7:10	"“La" "salud" "es" "de"
7:11	"que" "de" "cayeron"
7:12	"alabanza," "gratitud," "el" "el" "fuerza" "por" "los" "siglos" "de" "los" "siglos."
7:14	"mío," "la"
7:16	"Ya" "los" "herirá"
7:17	"las" "la" "vida;"
8:1	"un"
8:2	"a" "en" "pie" "ante"
8:4	"los" "de"
8:5	"lo" "arrojó" "sobre" "un"
8:7	"incendiada" "y" "incendiada"
8:8	"algo"
8:9	"vivientes"
8:11	"convirtiose"
8:12	"el" "perdió" "su" "luz"
8:13	"cómo" "decía" "con" "poderosa" "toques" "que" "faltan"
9:2	"a" "causa" "del" "se"
9:3	"poder," "semejante" "al" "poder" "que"
9:4	"se" "dañasen" "alguna," "alguno,"
9:5	"el"
9:7	"eran"
9:9	"era"
9:10	"en" "colas" "reside" "durante"
9:11	"ellas" "el" "nombre" "de"
9:13	"procedente"
9:15	"el" "a" "fin" "de" "exterminar"
9:16	"huestes"
9:17	"En" "la" "miré" "como" "y"
9:18	"a" "consecuencia"
9:19	"de" "los" "caballos" "tienen"
9:20	"los" "cesaron" "de"
9:21	"Ni"
10:1	"a"
10:3	"que" "los"
10:4	"dijeron"
10:5	"yo" "había" "visto" "de" "pie"
10:6	"por" "los" "siglos" "de" "los" "siglos" "cuanto" "hay" "cuanto" "hay" "cuanto" "hay"
10:8	"me"
10:9	"pues," "cómelo;"
10:10	"mas" "habiéndolo" "comido" "quedaron" "mis" "entrañas" "llenas" "de"
11:1	"allí”."
11:2	"Mas" "exterior" "déjalo" "durante"
11:4	"en" "pie"
11:5	"pretenda" "hacerles" "mal," "ha" "de" "morir" "de" "esta" "manera."
11:6	"también" "suerte" "de"
11:7	"hayan" "les"
11:8	"cadáveres" "(yacerán)" "se" "alegóricamente" "que" "es" "el" "lugar" "de" "ellos"
11:9	"naciones" "contemplarán" "cadáveres" "se" "dé" "a" "cadáveres."
11:10	"regocijan" "a" "causa" "de" "hacen" "fiesta," "mandarán" "regalos"
11:11	"Pero," "al" "cabo" "quienes"
11:13	"terremoto," "se" "derrumbó" "terremoto" "nombres" "de"
11:15	"se" "Él" "por" "siglos" "de" "siglos”."
11:16	"se" "sientan"
11:17	"asumido"
11:18	"Habíanse" "dar"
11:19	"el" "está" "el" "de" "su" "Alianza;" "pedrisco"
12:1	"con"
12:2	"la" "cual," "hallándose" "encinta," "gritaba" "en" "las" "angustias" "del" "alumbramiento."
12:3	"de" "color" "de" "fuego," "con"
12:4	"arrojó" "a" "la"
12:5	"suyo."
12:6	"un"
12:7	"se" "hizo" "guerra"
12:8	"no" "más"
12:9	"el" "él"
12:10	"el" "imperio" "precipitado"
12:11	"menospreciando" "morir."
12:12	"oh" "Mas" "lleno" "de"
12:13	"se" "precipitado"
12:14	"le" "las" "(dos)" "fuera" "de" "la" "vista" "de" "la"
12:15	"para" "ella"
12:16	"vino" "en" "arrojado"
12:17	"linaje"
13:1	"con" "y" "en"
13:2	"pantera;" "una"
13:3	"(yo" "si" "se" "le" "hubiese" "dado" "mas" "sanada" "(y" "se" "fue)"
13:4	"cómo"
13:5	"se" "profería" "altanerías" "autoridad" "para" "hacer" "su" "durante"
13:6	"pues," "de" "habitan"
13:8	"lo" "(al" "dragón)" "la" "fundación" "inmolado."
13:10	"si" "alguno" "ha" "de" "ir" "al" "espada,"
13:11	"(bajo)" "como"
13:12	"la" "autoridad" "la" "toda" "a" "que" "había" "sido" "sanada"
13:13	"prodigios," "hasta"
13:14	"debían" "erigir" "una"
13:15	"concedido" "animar" "también" "e" "hiciese" "quitar" "la" "vida" "a" "cuantos"
13:16	"impresa"
13:18	"cifra" "su" "cifra" "es"
14:1	"que" "de" "pie" "en"
14:2	"semejante" "a" "la" "la" "voz" "que" "citaristas"
14:4	"no" "se" "son" "vaya."
14:5	"mentira," "inmaculados."
14:6	"a"
14:7	"Y" "decía" "a" "gran" "ha" "llegado"
14:8	"con" "enardecida"
14:10	"furor" "vino" "mezclado"
14:11	"por" "siglos" "de" "siglos;" "no" "descanso" "ni" "y" "cuantos" "aceptan"
14:13	"desde" "ahora"
14:15	"ha" "llegado" "pues"
14:17	"santuario" "celestial"
14:18	"vida" "de" "la"
14:19	"arrojó"
14:20	"que" "llegó" "espacio" "de"
15:1	"sorprendente:" "el" "furor" "queda"
15:2	"a"
15:3	"oh" "oh"
15:4	"y" "los" "actos" "de" "justicia" "se" "han" "hecho"
15:5	"el"
15:6	"las"
15:7	"por" "los" "siglos" "de" "los" "siglos."
15:8	"se"
16:1	"procedente" "la"
16:3	"la" "murió."
16:5	"oh"
16:6	"y"
16:7	"al" "fieles" "y"
16:9	"abrasáronse" "a" "Él."
16:10	"de" "ella" "cubrió" "de" "tinieblas," "las"
16:13	"cómo"
16:17	"desde" "[en" "el"
16:18	"Y" "se" "produjo" "nunca" "lo" "hubo" "Así" "de" "este" "poderoso" "terremoto."
16:19	"furiosa"
16:20	"desaparecieron" "las"
17:1	"aquí;"
17:3	"a" "un" "a"
17:4	"(por" "una" "parte)"
17:5	"sobre" "tenía"
17:6	"a" "al" "verla" "me" "sorprendí" "con" "sumo" "estupor."
17:7	"las" "los"
17:8	"ahora" "su" "aquellos" "llenarán" "de" "admiración" "cuando" "vean" "que" "ahora" "reaparecerá."
17:9	"tiene" "sede."
17:10	"también" "cayeron,"
17:12	"recibirán"
17:14	"(vencerán)" "también" "suyos,"
17:15	"Díjome" "aún:"
17:16	"ellos" "mismos"
17:17	"hacer" "la" "autoridad" "ellos" "se" "hayan"
17:18	"aquella" "la"
18:1	"cómo" "bajaba" "con" "su" "se" "iluminó"
18:2	"gran" "“Ha" "ha" "venido" "a" "ser" "refugio"
18:3	"furiosa" "de" "su" "lujo"
18:4	"venida" "en"
18:5	"se"
18:6	"Pagadle" "mezcló," "mezcladle"
18:7	"a" "sí" "misma"
18:8	"solo" "luto" "y" "ha"
18:9	"de" "su" "que" "la"
18:10	"la" "poderosa," "sola"
18:12	"perlas," "objetos" "bronce,"
18:13	"especies" "aromáticas," "perfumes," "mirra," "vacas" "cuerpos"
18:14	"que" "eran" "espléndidas" "se" "acabaron" "para" "ti," "no" "serán" "jamás."
18:15	"a" "costa" "a" "lo"
18:16	"se" "pedrería"
18:17	"sola" "cuantos" "explotan"
18:18	"como" "tan"
18:19	"por" "su" "opulencia" "porque" "sola"
18:20	"oh" "los" "y" "los" "los" "os" "de"
18:21	"rueda" "arrojó" "al" "más."
18:22	"en" "ti" "ni" "arte" "alguna," "ni" "se" "escuchará" "ruido" "molino."
18:23	"novia," "los" "pueblos."
18:24	"encontrada" "fueron" "sacrificados" "sobre"
19:1	"en" "el" "como" "copiosa" "multitud," "La" "la" "el"
19:2	"fieles" "y" "pues" "sobre"
19:3	"de" "ella" "por" "los" "siglos" "de" "los" "siglos."
19:6	"el" "ha" "establecido" "el"
19:8	"se" "vestirse" "perfecta"
19:9	"también:" "las" "verídicas"
19:10	"“Guárdate" "de" "hacerlo." "los"
19:11	"Veraz," "que"
19:12	"son" "lleva"
19:13	"Viste" "un" "manto" "empapado"
19:14	"y"
19:15	"a" "quien" "quien" "furiosa" "el"
19:17	"para" "festín" "de"
19:18	"valientes," "sus" "jinetes,"
19:19	"a" "a" "dar" "la" "batalla" "montaba"
19:20	"al" "encendido"
19:21	"montaba"
20:1	"y" "en"
20:2	"se" "apoderó" "del"
20:3	"lo" "para" "que" "se" "hubiesen" "los" "lo" "cual" "ha" "de"
20:4	"a" "habían" "sido" "a"
20:5	"los"
20:6	"Sobre" "no" "poder" "sino" "que" "cual" "los"
20:7	"se" "hayan"
20:8	"se" "irá" "a" "seducir" "a"
20:9	"bajó" "parte" "de"
20:10	"por" "los" "siglos" "de" "los" "siglos."
20:11	"también"
20:12	"a" "en" "pie" "ante" "el" "trono" "se" "abrieron" "de" "acuerdo" "con" "lo"
20:14	"y" "el" "Hades" "el" "lago" "de" "fuego."
20:15	"Si" "alguno" "arrojado" "al"
21:2	"la" "la" "parte" "de" "novia" "se" "engalana"
21:3	"desde" "la" "estará"
21:5	"todo" "también:"
21:6	"“Se" "han" "cumplido." "el" "la"
21:7	"tendrá" "esta" "herencia," "mío."
21:8	"e" "tendrán"
21:9	"aquí," "novia," "la"
21:10	"me"
21:12	"en" "ellas,"
21:17	"también" "(también" "medida)"
21:18	"es" "es"
21:19	"suerte" "de"
21:21	"sola"
21:22	"su" "es"
21:23	"le" "dio" "su" "luz," "su" "es"
21:24	"llevan" "sus"
21:26	"a"
21:27	"Y"
22:2	"cosechas," "produciendo" "su" "los"
22:4	"de" "Él"
22:5	"ni" "luz" "luz" "lucirá" "sobre" "por" "los" "siglos" "de" "los" "siglos."
22:6	"han" "de" "verificarse" "en" "breve."
22:8	"cuando" "las" "oí" "ante" "las"
22:9	"“Guárdate" "de" "hacerlo,"
22:11	"inicuo" "siga" "en" "su" "iniquidad," "más;"
22:12	"viene"
22:13	"el" "la" "y" "el"
22:14	"en"
22:15	"fornicarios,"
22:16	"a" "matutina”."
22:17	"también" "quien" "escucha:" "gratis"
22:18	"le" "añadirá"
22:19	"le"
22:20	"pronto”."
