G3121	Maleleel (es decir, Mahalalel), un antediluviano
G3122	(adverbialmente) más (en el mayor grado) o particularmente; especialmente, sobre todo
G3123	(adverbialmente) más (en mayor grado) o más bien
G3124	Malco, un israelita
G3125	abuela
G3126	mamón, es decir, avaricia (deificada); riquezas
G3127	Manaén, un cristiano
G3128	Manasés (es decir, Menashé), un israelita
G3129	aprender (de cualquier manera)
G3130	locura
G3131	maná (es decir, man), una goma comestible
G3132	adivinar, es decir, pronunciar conjuros (con pretexto de predecir); adivinación
G3133	extinguirse (como el fuego), es decir, (figurada y pasivamente) desvanecerse; marchitarse
G3134	maranata, es decir, una exclamación del juicio divino que se acerca; el Señor viene
G3135	perla
G3136	Marta, una mujer cristiana
G3137	María o Mariam (es decir, Miryam), el nombre de seis mujeres cristianas
G3138	Marcos, un cristiano
G3139	mármol (por su blancura resplandeciente)
G3140	ser testigo, es decir, testificar (literal o figuradamente); dar testimonio
G3141	testimonio dado (judicialmente o en general)
G3142	algo que sirve de prueba, es decir, (en general) testimonio dado o (especialmente) el Decálogo (en el Tabernáculo sagrado)
G3143	ser presentado como testigo, es decir, (figuradamente) protestar (en afirmación o exhortación); testificar, requerir
G3144	testigo (literalmente (judicialmente) o figuradamente (en general)); por analogía, un «mártir»
G3145	masticar; morder
G3146	azotar (literal o figuradamente)
G3147	azotar (literalmente)
G3148	látigo (literalmente, el flagelo romano para criminales; figuradamente, una enfermedad); azote, plaga
G3149	pecho (propiamente, femenino) (como si estuviera amasado); seno
G3150	habla sin sentido, es decir, palabrería; vana palabrería
G3151	hablador ocioso (es decir, insensato o malicioso), es decir, un pendenciero; vano hablador
G3152	vacío, es decir, (literalmente) sin provecho, o (especialmente) un ídolo; vano
G3153	inutilidad; figuradamente, transitoriedad; moralmente, depravación; vanidad
G3154	volver (pasivamente, volverse) necio, es decir, (moralmente) malvado o (especialmente) idólatra; envanecerse
G3155	necedad, es decir, (adverbialmente) sin propósito; en vano
G3156	Mateo (es decir, Matityá), un israelita y cristiano
G3157	Matán, un israelita
G3158	Matat (es decir, Matityá), el nombre de dos israelitas
G3159	Matías (es decir, Matityá), un israelita
G3160	Matata (es decir, Matityá), un israelita
G3161	Matatías (es decir, Matityá), un israelita y cristiano
G3162	cuchillo, es decir, puñal; figuradamente, guerra, castigo judicial; espada
G3163	batalla, es decir, (figuradamente) controversia; contienda, pleito
G3164	guerrear, es decir, (figuradamente) reñir, disputar; contender
G3165	me; a mí
G3166	hablar con arrogancia, es decir, ser grandilocuente (arrogante, egoísta); jactarse
G3167	magnífico, es decir, (neutro plural como sustantivo) un favor notable, o (subjetivamente) perfección; maravillas, grandezas
G3168	magnificencia, es decir, gloria o esplendor; majestad
G3169	propio de la grandeza o magnificencia (majestuoso); magnífico
G3170	hacer (o declarar) grande, es decir, aumentar o (figuradamente) ensalzar; magnificar, engrandecer
G3171	mucho; grandemente
G3172	grandeza, es decir, (figuradamente) divinidad (a menudo Dios mismo); majestad
G3173	grande (literal o figuradamente, en una aplicación muy amplia)
G3174	magnitud (figuradamente); grandeza
G3175	grandes (personajes); magnates, príncipes
G3176	el más grande o muy grande; grandísimo
G3177	explicar, es decir, traducir; interpretar
G3178	bebida embriagante, es decir, (por implicación) embriaguez; borrachera
G3179	trasladar, es decir, llevarse, deponer o (figuradamente) cambiar, seducir; quitar, remover
G3180	viaje de rodeo, es decir, artimaña (engaño); asechanza, artificio
G3181	limitado junto a, es decir, contiguo (neutro plural como sustantivo, frontera); confín
G3182	embriagar; emborracharse
G3183	ebrio, es decir, (como sustantivo) un borracho
G3184	beber hasta embriagarse, es decir, emborracharse
G3185	(adverbialmente) en mayor grado; más
G3186	todavía mayor (figuradamente)
G3187	mayor (literal o figuradamente, especialmente en edad)
G3188	tinta
G3189	negro
G3190	Melea, un israelita
G3191	cuidar de, es decir, (por implicación) dar vueltas en la mente; meditar, ocuparse
G3192	miel
G3193	relativo a la miel, es decir, (panal) de abejas
G3194	Melita (Malta), una isla en el Mediterráneo
G3195	tener la intención, es decir, estar a punto de ser, hacer o sufrir algo (de personas o cosas, especialmente eventos; en el sentido de propósito, deber, necesidad, probabilidad, posibilidad o vacilación); ir a, haber de
G3196	miembro o parte del cuerpo
G3197	Melqui (es decir, Malquí), el nombre de dos israelitas
G3198	Melquisedec (es decir, Malkitsédek), un patriarca
G3199	interesar a, es decir, importar (usado impersonalmente solo en tercera persona singular del presente de indicativo, importa); tener cuidado
G3200	pergamino (escrito) de piel de oveja
G3201	culpar; reprochar, inculpar
G3202	que culpa al destino, es decir, quejumbroso (descontento); querelloso
G3303	propiamente, indicativo de afirmación o concesión (de hecho); generalmente seguido de una cláusula contrastante con G1161 (este, el primero, etc.); ciertamente, por cierto
G3304	así que, por lo menos; antes bien, ciertamente
G3305	ciertamente aunque, es decir, sin embargo; no obstante
G3306	quedarse (en un lugar, estado, relación o expectativa determinados); permanecer
G3307	partir, es decir, (literalmente) repartir, otorgar, compartir, o (figuradamente) desunir, diferir; dividir
G3308	solicitud; afán, preocupación
G3309	estar ansioso por; afanarse, preocuparse
G3310	porción, es decir, provincia, parte o (abstractamente) participación; suerte
G3311	separación o distribución; repartimiento
G3312	repartidor (administrador); partidor
G3313	división o parte (literal o figuradamente, en una aplicación amplia)
G3314	mediodía; por implicación, el sur
G3315	interponerse (como árbitro), es decir, (por implicación) ratificar (como fiador); interponer
G3316	intermediario, es decir, (simplemente) un mensajero entre partes, o (por implicación) un reconciliador (intercesor); mediador
G3317	medianoche (especialmente como vigilia)
G3318	Mesopotamia (como situada entre el Éufrates y el Tigris; compárese H763), una región de Asia
G3319	medio (como adjetivo o sustantivo (neutro)); en medio
G3320	tabique (figuradamente); pared intermedia
G3321	en medio del cielo
G3322	formar el medio, es decir, (en cuanto al tiempo) estar a la mitad; a mitad de la fiesta
G3323	el Mesías (es decir, Mashíaj), o Cristo
G3324	repleto (literal o figuradamente); lleno
G3325	llenar, es decir, (por implicación) embriagar
G3326	propiamente, denota acompañamiento; «en medio de» (local o causal); modificado variadamente según el caso (genitivo, asociación; o acusativo, sucesión) con el que se une; ocupa una posición intermedia entre G575 o G1537 y G1519 o G4314; menos íntimo que G1722 y menos estrecho que G4862; con, después
G3327	cambiar de lugar; pasar, partir
G3328	echar al otro lado, es decir, (voz media, figuradamente) cambiar de opinión
G3329	llevar al otro lado, es decir, transferir (dirigir); gobernar, dirigir
G3330	dar, es decir, compartir; impartir
G3331	transposición, es decir, traslado (al cielo), abrogación (de una ley); cambio
G3332	trasladarse, es decir, irse (localmente); partir
G3333	llamar a otra parte, es decir, convocar; hacer venir
G3334	mover a otro lugar, es decir, apartar (figuradamente); moverse
G3335	participar; en general, aceptar (y usar); recibir, tomar
G3336	participación
G3337	intercambiar; cambiar
G3338	preocuparse después, es decir, lamentar; arrepentirse (sentir pesar)
G3339	transformar (literal o figuradamente, «metamorfosear»); transfigurar
G3340	pensar diferente o después, es decir, reconsiderar (moralmente, sentir remordimiento); arrepentirse
