H1301	Barac, un israelita
H1302	Barcos, uno de los netineos
H1303	espino (quizás por arder brillantemente); abrojo
H1304	gema (como que destella), quizás la esmeralda; carbunclo
H1305	clarificar (es decir, abrillantar), examinar, escoger; purificar
H1306	Birsa, un rey de Gomorra
H1307	berotita, o habitante de Berotai
H1308	Besor, un arroyo de Palestina
H1309	buenas nuevas; por implicación, recompensa por una buena noticia
H1310	propiamente, hervir; de ahí, estar cocido; figuradamente, madurar; cocinar
H1311	cocido; hervido
H1312	Bislam, un persa
H1313	la planta del bálsamo; especia
H1314	fragancia; por implicación, especias; también la planta del bálsamo; aroma
H1315	Basemat, el nombre de una esposa de Esaú, y de una hija de Salomón
H1316	Basán (a menudo con artículo), una región al este del Jordán
H1317	vergüenza; deshonra
H1318	pisotear; hollar
H1319	propiamente, estar fresco, es decir, lleno (rosado, (figuradamente) alegre); anunciar (buenas nuevas)
H1320	carne (por su frescura); por extensión, cuerpo, persona; también (por eufemismo) las partes pudendas del hombre
H1321	{carne (por su frescura); por extensión, cuerpo, persona; también (por eufemismo) las partes pudendas del hombre}
H1322	vergüenza (el sentimiento y la condición, así como su causa); por implicación (específicamente) un ídolo; confusión
H1323	hija (usado en el mismo sentido amplio que otros términos de parentesco, literal y figuradamente)
H1324	bato o medida hebrea (como medio de división) de líquidos
H1325	{bato o medida hebrea de líquidos}
H1326	desolación
H1327	desolación
H1328	Betuel, el nombre de un sobrino de Abraham, y de un lugar en Palestina
H1329	Betul (es decir, Betuel), un lugar en Palestina
H1330	virgen (por su recato); a veces (por continuación) una novia; también (figuradamente) una ciudad o estado; doncella
H1331	(colectiva y abstractamente) virginidad; por implicación y concretamente, las señales de ella
H1332	Bitia, una mujer egipcia
H1333	cortar en pedazos; despedazar
H1334	trocear; partir por la mitad
H1335	sección; pedazo, mitad
H1336	Beter, un lugar (escarpado) en Palestina
H1337	la hija (es decir, ciudad) de Rabá; Bat-rabim
H1338	Bitrón, un lugar al este del Jordán
H1339	Betsabé, la madre de Salomón
H1340	Bat-súa
H1341	altivo; soberbio
H1342	subir; de ahí, en general, levantarse, (figuradamente) ser majestuoso; crecer, engrandecerse
H1343	elevado; figuradamente, arrogante; soberbio
H1344	arrogancia; soberbia
H1345	Geuel, un israelita
H1346	arrogancia o majestad; por implicación, (concretamente) ornamento; soberbia
H1347	{arrogancia o majestad; por implicación, (concretamente) ornamento}
H1348	{arrogancia o majestad; por implicación, (concretamente) ornamento}
H1349	altivo; soberbio
H1350	ser el pariente más cercano (y como tal recomprar la propiedad de un pariente, casarse con su viuda, etc.); redimir, rescatar
H1351	manchar o (figuradamente) profanar; contaminar
H1352	profanación; contaminación
H1353	redención (incluyendo el derecho y el objeto); por implicación, parentesco; rescate
H1354	la espalda (como redondeada); por analogía, la cima o borde, un relieve, una bóveda, el arco del ojo, baluartes, etc.
H1355	{la espalda (como redondeada); por analogía, la cima o borde, un relieve, una bóveda, el arco del ojo, baluartes, etc.}
H1356	leño (como cortado); también pozo o cisterna (como excavada); foso
H1357	langosta (por su cortar)
H1358	foso (para animales salvajes) (como excavado); fosa
H1359	Gob, un lugar en Palestina
H1360	depósito de agua; por analogía, un pantano; charco
H1361	elevarse, es decir, ser alto; figuradamente, ser altivo; enaltecerse
H1362	alto (literal o figuradamente); altivo
H1363	exaltación, grandeza, arrogancia; altura
H1364	elevado (o exaltado), poderoso, arrogante; alto
H1365	orgullo; altivez
H1366	propiamente, un cordón (como torcido), es decir, (por implicación) un límite; por extensión, el territorio encerrado; frontera, término
H1367	límite, región; término
H1368	poderoso; por implicación, guerrero, tirano; valiente
H1369	fuerza (literal o figuradamente); por implicación, valor, victoria; poderío
H1370	poder
H1371	calvo por delante
H1372	calvicie en la frente; por analogía, un lugar raído en el lado derecho de una tela
H1373	Gabai, un israelita
H1374	Gebim, un lugar en Palestina
H1375	copa; por analogía, el cáliz de una flor; taza
H1376	señor; amo
H1377	señora; reina
H1378	cristal (por su semejanza con el hielo)
H1379	propiamente, torcer como una cuerda; delimitar (como con una línea); señalar límites
H1380	Gebal, un lugar en Fenicia
H1381	Gebal, una región en Idumea
H1382	giblita, o habitante de Gebal
H1383	cadena torcida o cordón
H1384	jorobado
H1385	leche cuajada; queso
H1386	joroba o cumbre de colinas; monte de muchos picos
H1387	Geba, un lugar en Palestina
H1388	Gibea, un lugar en Palestina
H1389	colina; collado
H1390	Gabaa; el nombre de tres lugares en Palestina
H1391	Gabaón, un lugar en Palestina
H1392	el cáliz de una flor; en ciernes
H1393	gabaonita, o habitante de Gabaón
H1394	Gibeat
H1395	gibeatita, o habitante de Gibeat
H1396	ser fuerte; por implicación, prevalecer, actuar con insolencia; aumentar
H1397	propiamente, un hombre valiente o guerrero; en general, simplemente una persona; varón
H1398	Geber, el nombre de dos israelitas
H1399	persona; hombre
H1400	{persona}
H1401	valiente, o guerrero
H1402	Gibar, un israelita
H1403	Gabriel, un arcángel
H1404	señora; ama
H1405	Gibetón, un lugar en Palestina
H1406	techo; por analogía, la parte superior de un altar; terrado
H1407	semilla de cilantro (por sus surcos)
H1408	Fortuna, una deidad babilónica; Gad
H1409	fortuna; ventura
H1410	Gad, un hijo de Jacob, incluyendo su tribu y su territorio; también un profeta
H1411	tesorero
H1412	Gudgoda, un lugar en el desierto
H1413	agolparse; también hacerse incisiones (como apretando); sajarse
H1414	cortar; talar
H1415	orilla de un río (como la que corta la corriente); ribera
H1416	tropa (especialmente de soldados); banda
H1417	surco (como cortado)
H1418	incisión; sajadura
H1419	grande (en cualquier sentido); de ahí, mayor (en edad); también insolente
H1420	grandeza; (concretamente) hechos poderosos; grandes cosas
H1421	vituperio; injuria
H1422	ultraje; vituperio
H1423	cabrito (por su ramoneo)
H1424	Gadi, un israelita
H1425	gadita (colectivamente) o descendientes de Gad
H1426	Gadi, un israelita
H1427	Gadiel, un israelita
H1428	orilla de un río; ribera
H1429	cabrita
H1430	montón de gavillas; por analogía, una tumba; hacina
H1431	ser (causativamente, hacer) grande (en varios sentidos, como en cuerpo, mente, hacienda u honor, también en orgullo); engrandecer, criar
H1432	grande (literal o figuradamente)
H1433	magnitud (literal o figuradamente); grandeza
H1434	hilo, es decir, una borla o festón; fleco
H1435	Gidel, el nombre de uno de los netineos, también de uno de los «siervos de Salomón»
H1436	Gedalías, el nombre de cinco israelitas
H1437	Gidalti, un israelita
H1438	talar un árbol; en general, destruir cualquier cosa; cortar, quebrar
H1439	Gedeón, un israelita
H1440	Gidom, un lugar en Palestina
H1441	Gedeoni, un israelita
H1442	herir (con palabras), es decir, injuriar; blasfemar
H1443	amurallar o cercar
H1444	cerca; muro
H1445	Geder, un lugar en Palestina
H1446	Gedor, un lugar en Palestina; también el nombre de tres israelitas
H1447	cerca; por implicación, un recinto; muro, vallado
H1448	recinto cercado (especialmente para rebaños); redil, aprisco
H1449	(con artículo) Gedera, un lugar en Palestina
H1450	Gederot, un lugar en Palestina
H1451	gederita, o habitante de Geder
H1452	gederatita, o habitante de Gedera
H1453	Gederotaim, un lugar en Palestina
H1454	esto
H1455	quitar (una venda de una herida, es decir, sanarla)
H1456	curación; remedio
H1457	postrarse; inclinarse
H1458	la espalda
H1459	el medio; en medio
H1460	la espalda; por analogía, el medio
H1461	cavar; labrador
H1462	la langosta (por su excavar como larva)
H1463	Gog, el nombre de un israelita, también de alguna nación del norte
H1464	agolparse sobre, es decir, atacar; acometer
H1465	la espalda, es decir, (por extensión) la persona; cuerpo
H1466	exaltación; (figuradamente) arrogancia; soberbia
H1467	{exaltación; (figuradamente) arrogancia}
H1468	propiamente, cortar; pero usado solo en el sentido (figurado) de pasar rápidamente; traer, pasar
H1469	polluelo (por estar relativamente desnudo de plumas); pichón
H1470	Gozán, una provincia de Asiria
H1471	nación extranjera; de ahí, un gentil; también (figuradamente) una manada de animales, o un enjambre de langostas; nación, pueblo
H1472	cuerpo, vivo o muerto; cadáver
H1473	exilio; concreta y colectivamente, exiliados; cautividad
H1474	Golán, un lugar al este del Jordán
H1475	hoyo; fosa
H1476	Guni, el nombre de dos israelitas
H1477	gunita (colectivamente con prefijo de artículo) o descendientes de Guni
H1478	exhalar, es decir, (por implicación) expirar; morir
H1479	propiamente, ahuecar o abovedar, es decir, (figuradamente) cerrar; cerrar
H1480	cadáver (como cerrado a los sentidos); cuerpo muerto
H1481	propiamente, apartarse del camino (para alojarse o con cualquier otro propósito), es decir, peregrinar (como huésped); también encogerse, temer (como en un lugar extraño); también reunirse para la hostilidad (como con temor); morar, habitar
H1482	cachorro (como que todavía mora en la guarida), especialmente del león
H1483	Gur, un lugar en Palestina
H1484	{cachorro, especialmente del león}
H1485	Gur-baal, un lugar en Arabia
H1486	propiamente, un guijarro, es decir, una suerte (se usaban piedrecitas para ese fin); figuradamente, una porción o destino (como determinado por suerte)
H1487	terrón; masa de tierra
H1488	vellón (como trasquilado); también hierba segada
H1489	tesorero
H1490	{tesorero}
H1491	cortar, es decir, repartir; sacar
H1492	vellón
H1493	gizonita o habitante de Gizo
H1494	cortar; específicamente, trasquilar un rebaño o rapar el cabello; figuradamente, destruir a un enemigo
H1495	Gazez, el nombre de dos israelitas
H1496	algo cortado, es decir, piedra labrada; cantería
H1497	arrancar; específicamente, desollar, despojar o robar
H1498	robo, o (concretamente) botín; rapiña
H1499	botín, es decir, violencia
H1500	{robo, o (concretamente) botín}
H1501	cierta clase de langosta; oruga
H1502	Gazam, uno de los netineos
H1503	el tronco o tocón de un árbol (como talado o plantado); cepa
H1504	cortar o separar; (figuradamente) destruir, dividir, excluir o decidir
H1505	extraer de cantera; determinar; cortar
H1506	algo cortado; porción; pedazo
H1507	Gezer, un lugar en Palestina
H1508	la figura o persona (como recortada); también un recinto (como separado)
H1509	desierto (como separado); tierra deshabitada
H1510	decreto
H1511	gerzita (colectivamente) o miembro de una tribu nativa de Palestina
H1512	el abdomen externo, el vientre (como fuente del feto)
H1513	brasa; carbón encendido
H1514	Gaham, un hijo de Najor
H1515	Gahar, uno de los netineos
H1516	desfiladero (por sus altas laderas; de ahí, estrecho, pero no un barranco o torrente invernal); valle
H1517	correa (como lo que comprime); por analogía, un tendón
H1518	brotar (como el agua); en general, salir
H1519	precipitarse; romper
H1520	Gía, un lugar en Palestina
