1:1	"chosen" "ones" "of" "an" "according" "to" "piety,"
1:3	"(and" "He" "revealed" "in"
1:4	"true" "child" "according" "to" "a" "[[kindness,]]"
1:5	"you" "down"
1:6	"under" "living"
1:7	"it" "is" "required" "of" "God’s"
1:9	"in" "the" "teaching,"
1:11	"what" "[the]" "of" "shameful" "gain."
1:12	"A" "certain"
1:13	"for" "which" "cause" "convict"
1:15	"indeed," "to" "to" "and" "unsteadfast," "the" "of" "them"
1:16	"by" "their"
2:1	"you—"
2:2	"dignified,"
2:3	"in" "manner,"
2:5	"sober," "pure," "evil" "may" "be" "spoken" "of"
2:6	"The" "in" "manner," "[them]"
2:7	"present" "yourself" "[as]" "the" "teaching" "[with]" "dignity,"
2:9	"[are]" "be"
2:11	"has"
2:12	"the" "and"
2:13	"of"
2:14	"might"
3:2	"quarrelsome—"
3:3	"odious—"
3:4	"the" "to" "men"
3:5	"a"
3:7	"having"
3:8	"steadfast;" "concerning" "intend" "you" "to" "may" "who" "the"
3:11	"having" "who"
3:13	"to" "may" "lacking,"
3:14	"them" "may"
