1:11	"y"
1:13	"parte" "de"
1:21	"y"
1:25	"hace."
1:26	"que"
1:27	"a" "a"
2:2	"fina,"
2:3	"ropa" "fina,"
2:5	"a"
2:7	"por" "el" "cual" "sois" "llamados?"
2:16	"da" "lo" "¿de"
2:19	"hay" "un"
2:20	"oh"
2:25	"a"
2:26	"el"
3:5	"muy"
3:9	"que"
3:10	"esto" "debe" "ser"
4:13	"venderemos," "y"
4:17	"Así" "al" "le" "es"
5:1	"¡Vamos" "y"
5:2	"y"
5:3	"óxido" "contra" "vosotros,"
5:5	"habéis"
5:6	"dado"
5:9	"a"
5:10	"han"
5:11	"de"
5:12	"por" "las" "cosas," "mis" "que"
5:17	"un" "las" "nuestras,"
5:20	"de"
