RV1909 spelling,RVO spelling,times replaced
Jerusalem,Jerusalén,814
Ephraim,Efraín,181
Ezechîas,Ezequías,132
Jonathán,Jonatán,122
Absalom,Absalón,106
Ammón,Amón,94
Achâb,Acab,94
Josaphat,Josafat,87
Sichêm,Siquem,66
Abimelech,Abimelec,66
Joas,Joás,66
Beth-el,Betel,64
Mardochêo,Mardoqueo,60
Sedechîas,Sedequías,52
Nephtalí,Neftalí,51
Rachêl,Raquel,46
Asaph,Asaf,46
Issachâr,Isacar,44
Beth-lehem,Belén,43
Nathán,Natán,43
Coath,Coat,42
Achâz,Acaz,40
Samsón,Sansón,39
Ochôzías,Ocozías,38
Eli,Elí,37
Hamath,Hamat,35
Gath,Gat,33
Sittim,Sitim,32
Abiathar,Abiatar,31
Assuero,Asuero,31
Beer-seba,Beerseba,30
Saphán,Safán,30
Jephté,Jefté,28
Rama,Ramá,28
Sallum,Salum,28
Ramoth,Ramot,27
Mesullam,Mesulam,26
Baruch,Baruc,26
Zachârías,Zacarías,26
Jesuá,Jesúa,26
Phinees,Finees,25
Adam,Adán,25
Ben-adad,Benadad,25
Uría,Urías,25
Lachîs,Laquis,24
Noemi,Noemí,24
Joachâz,Joacaz,24
Booz,Boaz,24
Thamar,Tamar,23
Machîr,Maquir,23
Benaías,Benaía,22
Naboth,Nabot,22
Adonía,Adonías,22
Ithamar,Itamar,21
Uzzías,Uzías,21
Eufrates,Éufrates,21
Simi,Simeí,21
Semei,Simeí,21
Achîs,Aquís,21
Beth-semes,Bet-semes,21
Michêas,Miqueas,21
Maachâ,Maaca,20
Semeías,Semaías,20
Chîriath-jearim,Quiriat-jearim,19
Achitophel,Ahitofel,19
Nachôr,Nacor,19
Michâl,Mical,18
Phares,Fares,18
Ahimelech,Ahimelec,17
Succoth,Sucot,17
Nethanías,Netanías,17
Anathoth,Anatot,17
Jephone,Jefone,16
Jotham,Jotam,16
Uzziel,Uziel,16
Châm,Cam,16
Capernaum,Capernaúm,16
Jeduthún,Jedutún,16
Rimmón,Rimón,15
Mephi-boseth,Mefiboset,15
Mesach,Mesac,15
Sadrach,Sadrac,15
Athalía,Atalía,14
Beth-oron,Bet-horón,14
Rabba,Rabá,14
Uzza,Uza,14
Ophir,Ofir,13
Hinnom,Hinom,13
Adad,Hadad,13
Joppe,Jope,13
Ephrón,Efrón,13
Nathanael,Natanael,13
Heth,Het,13
Sennachêrib,Senaquerib,13
Rechâb,Recab,13
Zalmunna,Zalmuna,12
Thirsa,Tirsa,12
Lamech,Lamec,12
Barzillai,Barzilai,12
Eliacim,Eliaquim,12
Sephatías,Sefatías,12
Ziph,Zif,12
Joachîn,Joaquín,12
Megiddo,Meguido,12
Eliphaz,Elifaz,12
Tharsis,Tarsis,12
Is-boseth,Isboset,12
Anna,Ana,12
Hesrón,Hezrón,12
Mathanías,Matanías,12
Salphaad,Zelofehad,11
Haggeo,Hageo,11
Bethania,Betania,11
Ephrata,Efrata,11
Sedecías,Sedequías,11
Zichri,Zicri,11
Michmas,Micmas,11
Moloch,Moloc,11
Pashur,Pasur,11
Astaroth,Astarot,11
Japhet,Jafet,11
Uzzi,Uzi,11
Melchîsedec,Melquisedec,10
Henoch,Enoc,10
Bethuel,Betuel,10
Naas,Nahas,10
Arphaxad,Arfaxad,10
Millo,Milo,10
Jethro,Jetro,10
Vasthi,Vasti,10
Thare,Taré,10
Bethlehem,Belén,10
Immer,Imer,10
Dathán,Datán,10
Michâel,Micael,10
Samma,Sama,10
Topheth,Tofet,10
Seth,Set,10
Bath-sheba,Betsabé,10
Hasor,Hazor,9
Adarezer,Hadad-ezer,9
Aphec,Afec,9
Sanballat,Sanbalat,9
Malchîas,Malquías,9
Achîtob,Ahitob,9
Asor,Hazor,9
Berechîas,Berequías,9
Sechânías,Secanías,9
Jechônías,Jeconías,9
Sochô,Soco,8
Ammiud,Amiud,8
Hepher,Hefer,8
Adullam,Adulam,8
Accub,Acub,8
Sora,Zora,8
Saphat,Safat,8
Chêmos,Quemos,8
Obadías,Abdías,8
Ophra,Ofra,8
Chebar,Quebar,8
Bichri,Bicri,8
Carmel,Carmelo,8
Ittai,Itai,8
Ethán,Etán,8
Selomith,Selomit,8
Eliphelet,Elifelet,7
Elnathán,Elnatán,7
Bethsaida,Betsaida,7
Arioch,Arioc,7
Jether,Jeter,7
Beeroth,Beerot,7
Beelzebub,Belcebú,7
Beth-aven,Betaven,7
Meraioth,Meraiot,7
Cora,Coré,7
Sepharvaim,Sefarvaim,7
Beth-san,Bet-seán,7
Binnui,Binúi,7
Gessur,Gesur,7
Taphnes,Tafnes,6
Meremoth,Meremot,6
Arphad,Arfad,6
Chîriath-arba,Quiriat-arba,6
Asel,Azel,6
Tappua,Tapúa,6
Cipro,Chipre,6
Jachîn,Jaquín,6
Goliath,Goliat,6
Najoth,Naiot,6
Penuel,Peniel,6
Azmaveth,Azmavet,6
Etham,Etam,6
Elimelech,Elimelec,6
Achbor,Acbor,6
Ishar,Izhar,6
Aholibah,Aholiba,6
Haseroth,Haserot,6
Mathithías,Matatías,6
Ahía,Ahías,6
Josadec,Josadac,6
Criador,Creador,6
Eliasaph,Eliasaf,6
Pahath-moab,Pahat-moab,6
Achân,Acán,6
Ebed-melec,Ebedmelec,6
Ladán,Laadán,6
Zachûr,Zacur,6
Jedaía,Jedaías,6
Elath,Elat,6
Ophni,Ofni,6
Joatham,Jotam,6
Basemath,Basemat,6
Recem,Requem,5
Cenez,Cenaz,5
Uzzía,Uzías,5
Esthaol,Estaol,5
Sealtiel,Salatiel,5
Mathusalam,Matusalén,5
Chêdorlaomer,Quedorlaomer,5
Jahath,Jahat,5
Thola,Tola,5
Rephidim,Refidim,5
Timnah,Timnat,5
Jessé,Isaí,5
Pedaía,Pedaías,5
Amadatha,Amadata,5
Zurisaddai,Zurisadai,5
Nahath,Nahat,5
Sammai,Samai,5
Resín,Rezín,5
Shinar,Sinar,5
Bucci,Buqui,5
Gibbethón,Gibetón,5
Bechêr,Bequer,5
Jeus,Jeús,5
Pamphylia,Panfilia,5
Noph,Nof,5
Aholah,Ahola,5
Malluch,Maluc,5
Mathán,Matán,5
Zippor,Zipor,5
Achôr,Acor,5
Raphaim,Refaim,5
Suar,Zuar,5
Sua,Súa,5
Tichîco,Tíquico,5
Mesech,Mesec,5
Taanach,Taanac,5
Meselemia,Meselemías,4
Amath,Hamat,4
Rameses,Ramesés,4
Cinneroth,Cineret,4
Epher,Efer,4
Gath-rimmón,Gat-rimón,4
Epha,Efa,4
Abisua,Abisúa,4
Hattus,Hatús,4
Sealthiel,Salatiel,4
Atach,Atac,4
Pharos,Paros,4
Rehoboth,Rehobot,4
Achîas,Ahías,4
Esion-geber,Ezión-geber,4
Ataroth,Atarot,4
Axa,Acsa,4
Abía,Abías,4
Sesbassar,Sesbasar,4
Semiramoth,Semiramot,4
Nahasón,Naasón,4
Elisaphán,Elizafán,4
Chîriath-sepher,Quiriat-sefer,4
Chîttim,Quitim,4
Alpha,Alfa,4
Micloth,Miclot,4
Jeremoth,Jeremot,4
Rapha,Rafa,4
Berías,Bería,4
Siddim,Sidim,4
Japhlet,Jaflet,4
Malchías,Malquías,4
Salathiel,Salatiel,4
Japhia,Jafía,4
Haggith,Haguit,4
Maaseías,Maasías,4
Rehuel,Reuel,4
Bethel,Betel,4
Beria,Bería,4
Nepheg,Nefeg,4
Oboth,Obot,4
Jeshurun,Jesurún,4
Ammisaddai,Amisadai,4
Zattu,Zatu,4
Sethar-boznai,Setar-boznai,4
Chusan-risathaim,Cusan-risataim,4
Beth-jesimoth,Bet-jesimot,4
Giddel,Gidel,4
Sophar,Zofar,4
Baal-perasim,Baal-perazim,4
Ophel,Ofel,4
Ahaz,Acaz,4
Achzib,Aczib,4
Othoniel,Otoniel,4
Esthemoa,Estemoa,4
Asaía,Asaías,3
Mathenai,Matenai,3
Mahalath,Mahalat,3
Potipherah,Potifera,3
Odaía,Odías,3
Ain,Aín,3
Gólgotha,Gólgota,3
Asenath,Asenat,3
Beth-araba,Bet-araba,3
Cush,Cus,3
Beth-hogla,Bet-hogla,3
Lydda,Lida,3
Chîr,Kir,3
Kir-hareseth,Kir-hareset,3
Suppim,Supim,3
Beracah,Beraca,3
Eliachîm,Eliaquim,3
Elphaal,Elpaal,3
Ahio,Ahío,3
Huppim,Hupim,3
Timnath-sera,Timnat-sera,3
Pethaía,Petaías,3
Cencreas,Cencrea,3
Achîmaas,Ahimaas,3
Phul,Pul,3
Baalath,Baalat,3
Hachîla,Haquila,3
Seboim,Zeboim,3
Unni,Uni,3
Ethiopía,Etiopía,3
Séphora,Séfora,3
Suph,Zuf,3
Zachâi,Zacai,3
Simei,Simeí,3
Naphis,Nafis,3
Chûs,Cus,3
Mephaath,Mefaat,3
Chônanías,Conanías,3
Carchêmis,Carquemis,3
Ceila,Keila,3
Enoch,Enoc,3
Isía,Isías,3
Othniel,Otoniel,3
Rephaías,Refaías,3
Beth-anath,Bet-anat,3
Isui,Isúi,3
Thebes,Tebes,3
Thaphnes,Tahpenes,3
Mizza,Miza,3
Ammiel,Amiel,3
Chimham,Quimam,3
Jattir,Jatir,3
Abiasaph,Ebiasaf,3
Naassón,Naasón,3
Eben-ezer,Ebenezer,3
Chênaana,Quenaana,3
Sammua,Samúa,3
Sibbecai,Sibecai,3
Thahath,Tahat,3
Sabethai,Sabetai,3
Alemeth,Alemet,3
Joseph,José,3
Beth-peor,Bet-peor,3
Phrygia,Frigia,3
Zilla,Zila,3
Eser,Ezer,3
Chelión,Quilión,3
Astharoth,Astarot,3
Phallú,Falú,3
Hemor,Hamor,3
Athai,Atai,3
Ithiel,Itiel,3
Phasea,Pasea,3
Phicol,Ficol,3
Beer-sebah,Beerseba,3
Peninna,Penina,3
Tiglath-pileser,Tiglat-pileser,3
Dothán,Dotán,3
Delaía,Delaías,3
Jaas,Jahaza,3
Chîriathaim,Quiriataim,3
Core,Coré,3
Phut,Fut,3
Timnath,Timnat,3
Azarael,Azareel,3
Zimma,Zima,3
Jarmuth,Jarmut,3
Mallothi,Maloti,2
Mathat,Matat,2
Phallu,Falú,2
Calah,Cala,2
Archîpo,Arquipo,2
Phúa,Fúa,2
Addar,Adar,2
Haser-enon,Hazar-enán,2
Mesillemoth,Mesilemot,2
Evil-merodach,Evil-merodac,2
En-gannim,En-ganim,2
Chênanías,Quenanías,2
Berachîas,Berequías,2
Chêros,Queros,2
Thabaoth,Tabaot,2
Izreel,Jezreel,2
Chêrioth,Queriot,2
Ariph,Harif,2
Baalanán,Baal-hanán,2
Elzaphán,Elizafán,2
Malchîel,Malquiel,2
Amittai,Amitai,2
Dophca,Dofca,2
Reseph,Resef,2
Tychîco,Tíquico,2
Peleth,Pelet,2
Dibon-gad,Dibón-gad,2
Beth-pelet,Bet-pelet,2
Saraim,Saaraim,2
Uphaz,Ufaz,2
Barsabas,Barsabás,2
Sesam,Sesán,2
Eliphas,Elifaz,2
Mattathías,Matatías,2
Sheba,Seba,2
Malchîsua,Malquisúa,2
Amraphel,Amrafel,2
Phegiel,Pagiel,2
Hethlon,Hetlón,2
Nabaioth,Nebaiot,2
Helles,Heles,2
Josabeth,Josabet,2
Phasur,Pasur,2
Pihahiroth,Pihahirot,2
Ceelatha,Celata,2
Hiddekel,Hidekel,2
Raema,Raama,2
Chisleu,Quisleu,2
Maceloth,Macelot,2
Abel-beth-maachâ,Abel-bet-maaca,2
Eber,Heber,2
Pi-hahiroth,Pi-hahirot,2
Ragüel,Reuel,2
Asmaveth,Azmavet,2
Siaa,Siaha,2
Eliphelehu,Elifelehu,2
Nahum,Nahúm,2
Bunni,Buni,2
Nisroch,Nisroc,2
Hanoch,Enoc,2
Hatipha,Hatifa,2
Moseroth,Moserot,2
Mehida,Mehída,2
Rimmón-peres,Rimón-peres,2
Bamoth,Bamot,2
Mariam,Miriam,2
Josabad,Jozabad,2
Belah,Bela,2
Michâía,Micaías,2
Ramatha,Ramá,2
Saaph,Saaf,2
Cherith,Querit,2
Sephi,Sefo,2
Hillel,Hilel,2
Sephor,Zipor,2
Sopha,Sofa,2
Isaía,Jesahías,2
Hiva,Iva,2
Igheal,Igal,2
Joadda,Joada,2
Jeroam,Jeroham,2
Beth-bara,Bet-bara,2
Joksan,Jocsán,2
Zepho,Zefo,2
Is-tob,Istob,2
Michmetat,Micmetat,2
Seraiah,Seraías,2
Chêrub,Querub,2
Chîriath-baal,Quiriat-baal,2
Mithca,Mitca,2
Tou,Toi,2
Michâías,Micaías,2
Bochru,Bocru,2
Sephanías,Sofonías,2
Achâico,Acaico,2
Achsaph,Acsaf,2
Kibroth-hataava,Kibrot-hataava,2
Maher-salal-hash-baz,Maher-salal-has-baz,2
Celita,Kelita,2
Sophereth,Soferet,2
Jetheth,Jetet,2
Melech,Melec,2
Chârán,Harán,2
Salchâ,Salca,2
Genubath,Genubat,2
Engedi,Engadi,2
Samua,Samúa,2
Zethán,Zetán,2
Melchî,Melqui,2
Sepham,Sefam,2
Barachêl,Baraquel,2
Elipheleth,Elifelet,2
Chîs,Cis,2
Ephlal,Eflal,2
Eloth,Elot,2
Manahath,Manahat,2
Esthón,Estón,2
Johanan,Johanán,2
Hasupha,Hasufa,2
Thiglath-pilneser,Tiglat-pileser,2
Mattanías,Matanías,2
Midiam,Madián,2
Thema,Tema,2
Zithri,Zitri,2
Luhith,Luhit,2
Mahazioth,Mahaziot,2
Suthela,Sutela,2
Baal-berith,Baal-berit,2
Kibroth-hattaavah,Kibrot-hataava,2
Cinnereth,Cineret,2
Hala,Halah,2
Themán,Temán,2
Jaazia,Jaazía,2
Gethsemaní,Getsemaní,2
Nephtoa,Neftoa,2
Thartán,Tartán,2
Nephtalim,Neftalí,2
Ahiman,Ahimán,2
Phadón,Padón,2
Miamim,Miamín,2
Beth-marchâboth,Bet-marcabot,2
Chânaana,Quenaana,2
Sefanías,Sofonías,2
Hotham,Hotam,2
Casipia,Casifia,2
Buccia,Buquía,2
Asna,Asena,2
Sina,Sinaí,2
Hassub,Hasub,2
Orpha,Orfa,2
Aphaim,Apaim,2
Obdías,Abdías,2
Selemoth,Selemot,2
Sechêm,Siquem,2
Pathros,Patros,2
Sepher,Sefer,2
Mahath,Mahat,2
Phitón,Pitón,2
Beth-dagón,Bet-dagón,2
Chephira,Cefira,2
Jaddua,Jadúa,2
Milchâ,Milca,2
Phunón,Funón,2
Boscath,Boscat,2
Hachâlías,Hacalías,2
Achîm,Aquim,2
Bochîm,Boquim,2
Iphtael,Iftael,2
Assón,Asón,2
Casluim,Casluhim,2
Eliatha,Eliata,2
Seveneh,Sevene,2
Beth-sur,Bet-zur,2
Avith,Avit,2
Cethura,Cetura,2
Baalzephón,Baal-zefón,2
Gaulón,Golán,2
Tahath,Tahat,2
Joatam,Jotam,2
Jesaías,Jesahías,2
Othir,Otir,2
Beth-nimra,Bet-nimra,2
Hauran,Haurán,2
Papho,Pafos,2
Elisua,Elisúa,2
Gether,Geter,2
Zaccur,Zacur,2
Azaría,Azarías,2
Bethfagé,Betfagé,2
Ataroth-addar,Atarot-adar,2
Huz,Uz,2
Sachâr,Sacar,2
Aggi,Hagui,2
Caphtor,Caftor,2
Suthala,Sutela,2
Beth-rehob,Bet-rehob,1
Ramath-lehi,Ramat-lehi,1
Eleph,Elef,1
Chîsi,Quisi,1
Chusi,Cusi,1
Aphia,Afia,1
Jemimah,Jemima,1
Jannes,Janes,1
Cesiah,Cesia,1
Chislón,Quislón,1
Ephes-dammim,Efes-damim,1
Phanuel,Fanuel,1
Kemuel,Quemuel,1
Asdoth-pisga,Asdot-pisga,1
Asar-gadda,Asar-gada,1
Isphán,Ispán,1
Canneh,Cane,1
Jalam,Jaalam,1
Joddai,Jahdai,1
Seleph,Selef,1
Odaías,Odías,1
Zaphnath-paaneah,Zafnat-paanea,1
Mattanía,Matanías,1
Rabbath,Rabá,1
Ahillud,Ahilud,1
Keddemoth,Cademot,1
Vaizatha,Vaizata,1
Golan,Golán,1
Azalía,Azalías,1
Hiddai,Hidai,1
Mechiram,Malquiram,1
Hathath,Hatat,1
Meribah,Meriba,1
Amisaddai,Amisadai,1
Timnatha,Timnat,1
Adnas,Adna,1
Sibechâi,Sibecai,1
Chilmad,Quilmad,1
Gaddi,Gadi,1
Peullethai,Peultai,1
Belam,Elam,1
Serabías,Serebías,1
Jethur,Jetur,1
Rimmono,Rimón,1
Jerioth,Jeriot,1
Hasbedana,Hasbadana,1
Jadua,Jadúa,1
Judith,Judit,1
Sechâchâ,Secaca,1
Sephath,Sefat,1
Chûn,Cun,1
Gaddiel,Gadiel,1
Esrón,Hezrón,1
Perasim,Perazim,1
Sepharad,Sefarad,1
Madmannah,Madmana,1
Chêrioth-hesron,Queriot-hezrón,1
Assir,Asir,1
Alammelec,Alamelec,1
Bechôra,Becora,1
Azmón,Asmón,1
Pelaía,Pelaías,1
Rameth,Ramet,1
Aruboth,Arubot,1
Chîriataim,Quiriataim,1
Ginnethón,Ginetón,1
Benzoheth,Benzohet,1
Jogbea,Jogbeha,1
Geuel,Gehuel,1
Sereth,Zeret,1
Corah,Coré,1
Gibethón,Gibetón,1
Chêleal,Queleal,1
Zanoah,Zanoa,1
Cephas,Cefas,1
Salaph,Salaf,1
Addan,Adán,1
Senua,Senúa,1
Hacusa,Hacufa,1
Kenath,Kenat,1
Thiras,Tiras,1
Saalbín,Saalbim,1
Habassinías,Habasinías,1
Ismachîas,Ismaquías,1
Beth-gamul,Bet-gamul,1
Tilgath-pilneser,Tilgat-pileser,1
Selsah,Selsa,1
Odavía,Odavías,1
Put,Fut,1
Sillethai,Ziletai,1
Sambuth,Samhut,1
Mehetabeel,Mehetabel,1
Abaddon,Abadón,1
Rhodas,Rodas,1
Rezeph,Rezef,1
Nathaniel,Natanael,1
Adaía,Adaías,1
Gederoth,Gederot,1
Tabbat,Tabat,1
Thara,Taré,1
Acces,Iques,1
Jachê,Jaqué,1
Sunam,Sunem,1
Dan-jaán,Danjaán,1
Beth-rapha,Bet-rafa,1
Nimrin,Nimrim,1
Besaleel,Bezaleel,1
Isias,Isías,1
Elisaphat,Elisafat,1
Simmai,Samai,1
Pethuel,Petuel,1
Mephaat,Mefaat,1
Antipatris,Antípatris,1
Elisah,Elisa,1
Ithma,Itma,1
Mebunnai,Mebunai,1
Icces,Iques,1
Raccón,Racón,1
Beth-azmaveth,Bet-azmavet,1
Sephán,Safán,1
Estemo,Estemoa,1
Sihón,Sehón,1
Thohu,Tohu,1
Jachim,Jaquín,1
Charmi,Carmi,1
Navaioth,Nebaiot,1
Kiriath-arba,Quiriat-arba,1
Saphatías,Sefatías,1
Rechâ,Reca,1
Pheleth,Pelet,1
Selmo,Salmón,1
Beth-zur,Betzur,1
Emmisphat,Emispat,1
Magdalá,Magdala,1
Silai,Silhi,1
Husoth,Husot,1
Saraph,Saraf,1
Camuel,Quemuel,1
Batrabbim,Bat-rabim,1
Sigionoth,Sigionot,1
Malchî-súa,Malquisúa,1
Selemía,Selemías,1
Achsa,Acsa,1
Hattil,Hatil,1
Samaraim,Zemaraim,1
Jehaleleel,Jehalelel,1
Coos,Cos,1
Chênani,Quenani,1
Thaphat,Tafat,1
Achmetta,Acmeta,1
Hariph,Harif,1
Rachâl,Racal,1
Melchîas,Malquías,1
Machnadbai,Macnadbai,1
Sippai,Sipai,1
Meshech,Mesec,1
Sorea,Zora,1
Aggith,Haguit,1
Rehod,Rehob,1
Beth-aram,Bet-aram,1
Malachías,Malquías,1
Nachôn,Nacón,1
Chêdes,Cedes,1
Raphu,Rafu,1
Michri,Micri,1
Beth-sitta,Bet-sita,1
Jehus,Jeús,1
Asphatha,Aspata,1
Tahan,Tahán,1
Ziphas,Zifas,1
Figello,Figelo,1
Misram,Mizraim,1
Merathaim,Merataim,1
Semaraim,Zemaraim,1
Sheleph,Selef,1
Dalphón,Dalfón,1
Iduthum,Jedutún,1
Phinón,Pinón,1
Gabaath,Gabaa,1
Cinereth,Cineret,1
Kittim,Quitim,1
Keren-happuch,Keren-hapuc,1
Nathan-melech,Natánmelec,1
Beth-passes,Bet-pases,1
Cenes,Cenaz,1
Hoseas,Oseas,1
Bethphagé,Betfagé,1
Mahaath,Mahat,1
Bigthan,Bigtán,1
Resin,Rezín,1
Saalabín,Saalbim,1
Sephata,Sefata,1
Sichâr,Sicar,1
Gaba,Geba,1
Merodach-baladán,Merodac-baladán,1
Midián,Madián,1
Gaher,Gahar,1
Hareb,Gareb,1
Gibaa,Geba,1
Tebeth,Tebet,1
Ziphón,Zifón,1
Benhadad,Benadad,1
Absalóm,Absalón,1
Huram,Hiram,1
Rephaim,Refaim,1
Simaath,Simeat,1
Sabtecha,Sabteca,1
En-haccore,En-hacore,1
Jozabed,Jozabad,1
Athach,Atac,1
Ghiba,Gibea,1
Elazar,Elasar,1
Hamutal,Amutal,1
Ulla,Ula,1
En-hadda,En-hada,1
Leummim,Leumim,1
Bacbaccar,Bacbacar,1
Chîriath,Quiriat,1
Sereda,Zeredat,1
Hurí,Hori,1
Gemalli,Gemali,1
En-eglaim,Eneglaim,1
Nebayoth,Nebaiot,1
Baal-hanan,Baal-hanán,1
Ethnán,Etnán,1
Iphdaías,Ifdaías,1
Merodach,Merodac,1
Beth-lebaoth,Bet-lebaot,1
Abaía,Habaías,1
Samseri,Samserai,1
Jaaz,Jahaza,1
Hepsiba,Hefziba,1
Cenath,Kenat,1
Repaías,Refaías,1
Calneh,Calne,1
Achîmoth,Ahimot,1
Aschênaz,Askenaz,1
Jaaciel,Jasiel,1
Machbani,Macbani,1
Taberah,Tabera,1
Hosabnías,Hasabnías,1
Chêrán,Querán,1
Jachân,Jacán,1
Rabbit,Rabit,1
Sopater,Sópater,1
Gaio,Gayo,1
Joa,Joha,1
Siphmoth,Sifmot,1
Asnappar,Asnapar,1
Asvath,Asvat,1
Beth-gader,Betgader,1
Matithías,Matatías,1
Aiman,Ahimán,1
Zechêr,Zequer,1
Addón,Adón,1
Cerera,Zerera,1
Jetream,Itream,1
Ailón,Ajalón,1
En-rimmón,Enrimón,1
Jehud,Jehúd,1
Rehaía,Reaías,1
Jedías,Jehedías,1
Jería,Jerías,1
Lebaoth,Lebaot,1
Kiriathaim,Quiriataim,1
Siphtán,Siftán,1
Chêsed,Quesed,1
Ammon,Amón,1
Bithynia,Bitinia,1
Jabsub,Jasub,1
Tammuz,Tamuz,1
Tyranno,Tyrano,1
Phochêreth-hassebaim,Poqueret-hazebaim,1
Pharua,Parúa,1
Medan,Medán,1
Tharé,Taré,1
Shillem,Silem,1
Tanhumeth,Tanhumet,1
Jesaía,Jesahías,1
Amphípolis,Amfípolis,1
Talmon,Talmón,1
Jamlech,Jamlec,1
Jassén,Jasén,1
Odovías,Odavías,1
Jeothrai,Jeatrai,1
Asarmaveth,Hazarmavet,1
Enos,Enós,1
Hananía,Hananías,1
Hivah,Iva,1
Adón,Abdón,1
Naarai,Naharai,1
Hamonah,Hamona,1
Eshbán,Esbán,1
Samo,Samos,1
Baslith,Bazlut,1
Melchîsua,Malquisúa,1
Zerethshahar,Zeretsahar,1
Oholibama,Aholibama,1
Uzzen-seera,Uzen-seera,1
Harnapher,Harnafer,1
Rachâb,Rahab,1
Ananiah,Ananías,1
Smirna,Esmirna,1
Acechâ,Azeca,1
Chisión,Quisión,1
Alia,Alva,1
Thaphua,Tapúa,1
Phithom,Pitón,1
Beth-car,Betcar,1
Thirana,Tirana,1
Athalías,Atalías,1
Molechêt,Hamolequet,1
Asor-hadatta,Hazor-hadata,1
Chileab,Quileab,1
Beersebah,Beerseba,1
Remphan,Remfan,1
Hesbán,Esbán,1
Admatha,Admata,1
Hapharaim,Hafaraim,1
Chîtlis,Quitlis,1
Minni,Mini,1
Danna,Dana,1
Puá,Fúa,1
Regem-melech,Regem-melec,1
Simma,Sima,1
Chôl-hoce,Col-hoze,1
Tehaphnes,Tafnes,1
Silla,Sila,1
Beth-arbel,Betarbel,1
Bethia,Bitia,1
Melchi-sua,Malquisúa,1
Machîel,Malquiel,1
Cushán,Cusán,1
Ezion-geber,Ezión-geber,1
Phetrusim,Patrusim,1
Saph,Saf,1
Chiriath-jearim,Quiriat-jearim,1
Ressen,Resén,1
Ahli,Ahlai,1
Jidlaph,Jidlaf,1
Heltolad,Eltolad,1
Telmelah,Tel-mela,1
Zia,Zía,1
En-hasor,En-hazor,1
Sucoth,Sucot,1
Jath,Jahat,1
Zerah,Zera,1
Achîram,Ahiram,1
Helchât,Helcat,1
Adramelech,Adramelec,1
Minith,Minit,1
Sephar,Sefar,1
Malchâm,Malcam,1
Pasdammin,Pasdamim,1
Saphir,Safir,1
Epho,Efa,1
Saraser,Sarezer,1
Apphia,Apia,1
Isua,Isúa,1
Mathatha,Matata,1
Harím,Harim,1
Riphat,Rifat,1
Jediaiel,Jediael,1
Recaía,Reaías,1
Bigthán,Bigtán,1
Hasasón-tamar,Hazezón-tamar,1
Janai,Jaanai,1
Jeberechîas,Jeberequías,1
Callai,Calai,1
Sechânía,Secanías,1
Sibehom,Zibeón,1
Barachîas,Baraquías,1
Bene-berác,Bene-berac,1
Ephod,Efod,1
Beth-tappua,Bet-tapúa,1
Simrath,Simrat,1
Eltheco,Elteque,1
Nephtuim,Naftuhim,1
Hupham,Hufam,1
Saul,Saúl,1
Pharmastha,Parmasta,1
Beel-iada,Beeliada,1
Maasa,Massa,1
Sallechêt,Salequet,1
Eutichô,Eutico,1
Raphael,Rafael,1
Netopha,Netofa,1
Saraía,Seraías,1
Adad-ezer,Hadad-ezer,1
Havoth-jair,Havot-jair,1
Hasar-addar,Hasar-adar,1
Selamías,Selemías,1
Zoheleth,Zohelet,1
Ithrán,Itrán,1
Ben-hadad,Benadad,1
Joachîm,Jaquín,1
Licci,Likhi,1
Dalaías,Delaías,1
Ashkenaz,Askenaz,1
Chârmi,Carmi,1
Gabbatha,Gabata,1
Ephi,Efi,1
Uppa,Upa,1
Catah,Cata,1
Allón,Alón,1
Moria,Moriah,1
Beth-esel,Bet-esel,1
Pharphar,Farfar,1
Bithinia,Bitinia,1
Aristarchô,Aristarco,1
Cittim,Quitim,1
Beth-emec,Bet-emec,1
Beth-birai,Bet-birai,1
Cephar-hammonai,Cefar-hamonai,1
Hizchî,Hizqui,1
Taas,Tahas,1
Simrom,Simrón,1
Jaddo,Jahdo,1
Hammoth-dor,Hamot-dor,1
En-gadi,Engadi,1
Chêlud,Quelub,1
Abiasath,Ebiasaf,1
Themeni,Temeni,1
Palaías,Pelaías,1
Chiún,Quiún,1
Othni,Otni,1
Selles,Seles,1
Elía,Elías,1
Beth-sua,Bet-súa,1
Chôrasán,Corasán,1
Moladah,Molada,1
Neballath,Nebalat,1
Joacím,Joacim,1
Hucuca,Hucoc,1
Chôzeba,Cozeba,1
Jedidiah,Jedidia,1
Jahala,Jaala,1
Chêmuel,Quemuel,1
Maleleel,Mahalaleel,1
Esar-haddón,Esar-hadón,1
Maresah,Maresa,1
Gibeón,Gabaón,1
Tehinna,Tehina,1
Dabereth,Daberat,1
Izzías,Izías,1
Achîtophel,Ahitofel,1
Pharai,Parai,1
Beer-elim,Beerelim,1
Rinna,Rina,1
Ispha,Ispa,1
Anías,Anaías,1
Jemarías,Gemarías,1
Abisue,Abisúa,1
Gebaa,Geba,1
Chôdes,Hodes,1
Janna,Jana,1
Zachû,Zacur,1
Sarona,Sarón,1
Mechôna,Mecona,1
Tharea,Tarea,1
Bala-hasor,Baal-hazor,1
Gederoh,Gederot,1
Bethesda,Betesda,1
Ithram,Itrán,1
Togorma,Togarma,1
Raamses,Ramesés,1
Zip,Zif,1
Zephón,Zefón,1
Machîas,Malquías,1
Haroeh,Haroe,1
Caphira,Cefira,1
Apollyon,Apolyón,1
Bethpeor,Bet-peor,1
Maarath,Maarat,1
Mahaleth,Mahalat,1
Adaia,Adaías,1
Assía,Asaías,1
Beerot-bene-jacaam,Beerot-bene-jaacán,1
Hareth,Haret,1
Dumah,Duma,1
Ether,Eter,1
Stachîs,Estaquis,1
Sethur,Setur,1
Eliphal,Elifal,1
Sebath,Sebat,1
Elioreph,Elioref,1
Elhanan,Elhanán,1
Sisera,Sísara,1
Erech,Erec,1
Esriel,Asriel,1
Machî,Maqui,1
Chisiloth-tabor,Quisi-lotabor,1
Jahzah,Jahaza,1
Lut,Lud,1
Sibeón,Zibeón,1
Chesullot,Quesulot,1
Gitthaim,Gitaim,1
Pethahías,Petaías,1
Solomith,Selomit,1
Ithran,Itrán,1
Ai,Hai,1
Chêluhi,Quelúhi,1
Aloth,Alot,1
Sela-hammah-lecoth,Sela-hama-lecot,1
Basluth,Bazlut,1
Chîriat-arba,Quiriat-arba,1
Thaarea,Taarea,1
Moreseth-gath,Moreset-gat,1
Mattatha,Matata,1
Josiphías,Josifías,1
Axaph,Acsaf,1
Geliloth,Gelilot,1
Colhoze,Col-hoze,1
Asenua,Asenúa,1
Assurim,Asurim,1
Anath,Anat,1
Tochên,Toquén,1
Dobrath,Daberat,1
Maazía,Maazías,1
Muppim,Mupim,1
Halad,Halah,1
Adremelech,Adramelec,1
Siphi,Sifi,1
Umma,Uma,1
Miniamin,Miniamín,1
Dalmanutha,Dalmanuta,1
Tharthac,Tartac,1
Rhode,Rode,1
Adummim,Adumín,1
Nimfas,Ninfas,1
Hazarmaveth,Hazarmavet,1
Helcath-assurim,Helcat-asurim,1
Mathathías,Matatías,1
Anmiel,Amiel,1
Mathusalem,Matusalén,1
Repha,Refa,1
Pochêreth-hassebaim,Poqueret-hazebaim,1
Enech,Hanoc,1
Laabim,Lehabim,1
Sabtechâ,Sabteca,1
Maccas,Macas,1
Uzzia,Uzías,1
Tanath-silo,Tanat-silo,1
Jahas,Jahaza,1
Issia,Isías,1
Chenanía,Quenanías,1
Badad,Bedad,1
Osaía,Osaías,1
Kibroth-hataavah,Kibrot-hataava,1
Nabajoth,Nebaiot,1
Maheli,Mahali,1
Idida,Jedida,1
Ahijas,Ahías,1
Chîtron,Quitrón,1
Beth-diblathaim,Bet-diblataim,1
Manahach,Manahat,1
Harumaph,Harumaf,1
Jesua,Jesúa,1
Lechâ,Leca,1
Aceca,Azeca,1
Succoth-benoth,Sucot-benot,1
Hasbanías,Hasabnías,1
Chezib,Quezib,1
Accarón,Ecrón,1
Cherán,Querán,1
Chênaz,Cenaz,1
Jochêbed,Jocabed,1
Jochâbed,Jocabed,1
Kedar,Cedar,1
Hatham,Gatam,1
Bavvai,Bavai,1
Beth-le-aphrah,Bet-le-afra,1
Joath,Jahat,1
Madmanna,Madmana,1
Saresar,Sarezer,1
Gador,Gedor,1
Reaía,Reaías,1
Beth-seán,Bet-seán,1
Alian,Alván,1
Elhaanan,Elhanán,1
Hesro,Hezro,1
Ginethón,Ginetón,1
Hartus,Hatús,1
Nopha,Nofa,1
Phutiel,Futiel,1
Raccath,Racat,1
Sosipater,Sosípater,1
Asabías,Hasabías,1
Emmaús,Emaús,1
Samachîas,Samaquías,1
Aphses,Afses,1
Sethar,Setar,1
Achâr,Acar,1
Ischôd,Isod,1
Soreah,Zora,1
Chênas,Cenaz,1
Cedma,Cedema,1
Itta-kazin,Ita-kazin,1
Jimna,Imna,1
Cesión,Cisón,1
Hammón,Hamón,1
Ion,Ahión,1
Misraim,Mizraim,1
Ithai,Itai,1
Zabdías,Zabdi,1
Ishua,Isúa,1
Gazzam,Gazam,1
Saraías,Seraías,1
Chîo,Quíos,1
Lapidoth,Lapidot,1
Gallim,Galim,1
Ehud,Aod,1
Esiongeber,Ezión-geber,1
Maroth,Marot,1
Siphra,Sifra,1
Zoheth,Zohet,1
Tholad,Tolad,1
Accad,Acad,1
Ahuzzath,Ahuzat,1
Henah,Hena,1
Hesrai,Hezrai,1
Hebal,Ebal,1
Hezeciel,Hezequiel,1
Jesohar,Jezoar,1
Bamoth-baal,Bamot-baal,1
Mesalemeth,Mesalemet,1
Zared,Zered,1
Allón-saananim,Alón-saananim,1
Chêlubai,Quelubai,1
Hacupha,Hacufa,1
Saphón,Safón,1
Cademoth,Cademot,1
Chidón,Quidón,1
En-semes,Ensemes,1
Semeía,Semaías,1
Sephuphim,Sefufán,1
Nahabí,Nahbí,1
Achînoam,Ahinoam,1
Joppa,Jope,1
Oman,Onam,1
Recom,Requem,1
Josabia,Josabía,1
Jahaz,Jahaza,1
Baalsephon,Baal-zefón,1
Ezekías,Ezequías,1
Archelao,Arquelao,1
Suchôt,Sucot,1
Jaasiel,Jasiel,1
Middín,Midín,1
Sarsechim,Sarsequim,1
Tikvah,Ticva,1
Anaarath,Anaarat,1
Aimaas,Ahimaas,1
Engannim,Enganim,1
Alai,Ahlai,1
Elisabeth,Elisabet,1
Anún,Hanún,1
Heleph,Helef,1
Achîa,Ahías,1
Heder,Ader,1
Ashur,Asur,1
Ziphión,Zifión,1
Massah,Masah,1
Attai,Atai,1
Pibeseth,Pibeset,1
Beth-sean,Bet-seán,1
Zetham,Zetam,1
Samoth,Samot,1
Abelmehula,Abel-mehola,1
Birzabith,Birzabit,1
Chîriath-sanna,Quiriat-sana,1
Shave,Save,1
Thanach,Taanac,1
Jothán,Jotam,1
Mareosah,Maresa,1
Tirhakah,Tirhaca,1
Sísera,Sísara,1
Dabrath,Daberat,1
Samballat,Sanbalat,1
Israhía,Izrahías,1
Havilah,Havila,1
Seredat,Zeredat,1
Seirath,Seirat,1
Apheca,Afeca,1
Jeth-la,Jetla,1
Sellum,Selum,1
Sarthán,Zaretán,1
Nethopha,Netofa,1
Chesalón,Quesalón,1
Bealoth,Bealot,1
Japhías,Jafía,1
Damasceno,Damasco,1
Chêdemoth,Cademot,1
Basán-havoth-jair,Basán-havot-jair,1
Melchîsedech,Melquisedec,1
Berith,Berit,1
Hareph,Haref,1
Thela,Tela,1
Elá,Elam,1
Asub,Hasub,1
Diblath,Diblat,1
Pharnach,Farnac,1
Sabtha,Sabta,1
Simath,Simeat,1
Athaías,Ataías,1
Gittaim,Gitaim,1
Icuthiel,Icutiel,1
Adadrimón,Hadadrimón,1
Jiphta,Jifta,1
Beth-meon,Bet-meón,1
Hephzibah,Hefziba,1
Chîthim,Quitim,1
Geser,Gezer,1
Phuth,Fut,1
Puteolos,Puteoli,1
Ishbak,Isbac,1
Eltechê,Elteque,1
Jogbaa,Jogbeha,1
Sepho,Sefo,1
Minnith,Minit,1
Emath,Hamat,1
Mesillemith,Mesilemit,1
